Week,Chg,Player,Team,Opp,Att,Yard,TD,Rec,Yard,TD,FPts
1,,Tyreek Hill,MIA,JAC,0,0,0.0,7,98,0.8,14.6
1,,Justin Jefferson,MIN,@NYG,0,0,0.0,7,92,0.6,12.8
1,,CeeDee Lamb,DAL,@CLE,0,0,0.0,7,90,0.6,12.6
1,,Deebo Samuel,SF,NYJ,3,11,0.2,5,70,0.5,12.3
1,,Davante Adams,LV,@LAC,0,0,0.0,7,87,0.5,11.7
1,,Malik Nabers,NYG,MIN,0,0,0.0,7,87,0.5,11.7
1,,Amon-Ra St. Brown,DET,LAR,0,0,0.0,7,87,0.5,11.7
1,,Garrett Wilson,NYJ,@SF,0,0,0.0,6,81,0.6,11.7
1,,A.J. Brown,PHI,GB,0,0,0.0,6,85,0.5,11.5
1,,Puka Nacua,LAR,@DET,0,0,0.0,6,85,0.5,11.5
1,,Chris Olave,NO,CAR,0,0,0.0,6,85,0.5,11.5
1,,Rashee Rice,KC,BAL,0,0,0.0,7,83,0.5,11.3
1,,Ja'Marr Chase,CIN,NE,0,0,0.0,6,82,0.5,11.2
1,,Marvin Harrison Jr.,ARI,@BUF,0,0,0.0,6,79,0.5,10.9
1,,Mike Evans,TB,WAS,0,0,0.0,5,77,0.5,10.7
1,,Nico Collins,HOU,@IND,0,0,0.0,5,75,0.5,10.5
1,,Cooper Kupp,LAR,@DET,0,0,0.0,6,80,0.4,10.4
1,,Drake London,ATL,PIT,0,0,0.0,6,74,0.5,10.4
1,,DeVonta Smith,PHI,GB,0,0,0.0,5,74,0.5,10.4
1,,DK Metcalf,SEA,DEN,0,0,0.0,6,77,0.4,10.1
1,,Jaylen Waddle,MIA,JAC,0,0,0.0,6,76,0.4,10.0
1,,Michael Pittman Jr.,IND,HOU,0,0,0.0,6,74,0.4,9.8
1,,Amari Cooper,CLE,DAL,0,0,0.0,5,73,0.4,9.7
1,,Zay Flowers,BAL,@KC,0,0,0.0,6,73,0.4,9.7
1,,Christian Kirk,JAC,@MIA,0,0,0.0,5,73,0.4,9.7
1,,D.J. Moore,CHI,TEN,0,0,0.0,6,73,0.4,9.7
1,,Calvin Ridley,TEN,@CHI,0,0,0.0,5,67,0.5,9.7
1,,Chris Godwin,TB,WAS,0,0,0.0,6,71,0.4,9.5
1,,Stefon Diggs,HOU,@IND,0,0,0.0,5,68,0.4,9.2
1,,Terry McLaurin,WAS,@TB,0,0,0.0,6,73,0.3,9.1
1,,Brandon Aiyuk,SF,NYJ,0,0,0.0,5,66,0.4,9.0
1,,Tank Dell,HOU,@IND,0,0,0.0,5,66,0.4,9.0
1,,George Pickens,PIT,@ATL,0,0,0.0,5,66,0.4,9.0
1,,Josh Palmer,LAC,LV,0,0,0.0,5,70,0.3,8.8
1,,Courtland Sutton,DEN,@SEA,0,0,0.0,5,64,0.4,8.8
1,,DeAndre Hopkins,TEN,@CHI,0,0,0.0,5,63,0.4,8.7
1,,Diontae Johnson,CAR,@NO,0,0,0.0,5,68,0.3,8.6
1,,Jaxon Smith-Njigba,SEA,DEN,0,0,0.0,5,64,0.3,8.2
1,,Christian Watson,GB,@PHI,0,0,0.0,4,63,0.3,8.1
1,,Xavier Worthy,KC,BAL,0,0,0.0,4,57,0.4,8.1
1,,Khalil Shakir,BUF,ARI,0,0,0.0,5,62,0.3,8.0
1,,Ladd McConkey,LAC,LV,0,0,0.0,5,60,0.3,7.8
1,,Jordan Addison,MIN,@NYG,0,0,0.0,5,58,0.3,7.6
1,,Brian Thomas Jr.,JAC,@MIA,0,0,0.0,4,56,0.3,7.4
1,,Jayden Reed,GB,@PHI,0,0,0.0,4,55,0.3,7.3
1,,Brandin Cooks,DAL,@CLE,0,0,0.0,4,53,0.3,7.1
1,,Demario Douglas,NE,@CIN,0,0,0.0,5,53,0.3,7.1
1,,Keenan Allen,CHI,TEN,0,0,0.0,4,52,0.3,7.0
1,,Rome Odunze,CHI,TEN,0,0,0.0,4,52,0.3,7.0
1,,Jameson Williams,DET,LAR,2,8,0.0,3,44,0.3,7.0
2,,Tyreek Hill,MIA,BUF,0,0,0.0,7,96,0.8,14.4
2,,Cooper Kupp,LAR,@ARI,0,0,0.0,7,95,0.7,13.7
2,,Deebo Samuel,SF,@MIN,6,25,0.2,5,68,0.5,13.5
2,,CeeDee Lamb,DAL,NO,0,0,0.0,7,91,0.7,13.3
2,,Justin Jefferson,MIN,SF,0,0,0.0,6,82,0.6,11.8
2,,Rashee Rice,KC,CIN,0,0,0.0,7,87,0.5,11.7
2,,DeVonta Smith,PHI,ATL,0,0,0.0,6,87,0.5,11.7
2,,Amon-Ra St. Brown,DET,TB,0,0,0.0,7,84,0.5,11.4
2,,Garrett Wilson,NYJ,@TEN,0,0,0.0,6,78,0.6,11.4
2,,Mike Evans,TB,@DET,0,0,0.0,5,77,0.6,11.3
2,,Ja'Marr Chase,CIN,@KC,0,0,0.0,6,80,0.5,11.0
2,,Nico Collins,HOU,CHI,0,0,0.0,6,78,0.5,10.8
2,,Malik Nabers,NYG,@WAS,0,0,0.0,6,77,0.5,10.7
2,,Davante Adams,LV,@BAL,0,0,0.0,6,74,0.5,10.4
2,,Chris Olave,NO,@DAL,0,0,0.0,6,73,0.5,10.3
2,,Chris Godwin,TB,@DET,0,0,0.0,6,71,0.5,10.1
2,,Jaylen Waddle,MIA,BUF,0,0,0.0,5,75,0.4,9.9
2,,Tank Dell,HOU,CHI,0,0,0.0,5,74,0.4,9.8
2,,Jameson Williams,DET,TB,1,8,0.0,4,60,0.5,9.8
2,,DK Metcalf,SEA,@NE,0,0,0.0,5,73,0.4,9.7
2,,Drake London,ATL,@PHI,0,0,0.0,5,65,0.5,9.5
2,,Christian Kirk,JAC,CLE,0,0,0.0,5,70,0.4,9.4
2,,Stefon Diggs,HOU,CHI,0,0,0.0,5,68,0.4,9.2
2,,George Pickens,PIT,@DEN,0,0,0.0,5,68,0.4,9.2
2,,Zay Flowers,BAL,LV,0,0,0.0,5,67,0.4,9.1
2,,Xavier Worthy,KC,CIN,3,11,0.0,4,55,0.4,9.0
2,,Brandon Aiyuk,SF,@MIN,0,0,0.0,4,65,0.4,8.9
2,,Amari Cooper,CLE,@JAC,0,0,0.0,5,65,0.4,8.9
2,,Marvin Harrison Jr.,ARI,LAR,0,0,0.0,5,65,0.4,8.9
2,,D.J. Moore,CHI,@HOU,0,0,0.0,5,63,0.4,8.7
2,,Calvin Ridley,TEN,NYJ,0,0,0.0,5,60,0.4,8.4
2,,Ladd McConkey,LAC,@CAR,0,0,0.0,5,64,0.3,8.2
2,,Terry McLaurin,WAS,NYG,0,0,0.0,5,63,0.3,8.1
2,,Michael Pittman Jr.,IND,@GB,0,0,0.0,5,63,0.3,8.1
2,,Brian Thomas Jr.,JAC,CLE,0,0,0.0,5,63,0.3,8.1
2,,Keon Coleman,BUF,@MIA,0,0,0.0,5,62,0.3,8.0
2,,Josh Palmer,LAC,@CAR,0,0,0.0,5,60,0.3,7.8
2,,Rashid Shaheed,NO,@DAL,0,0,0.0,4,59,0.3,7.7
2,,Jaxon Smith-Njigba,SEA,@NE,0,0,0.0,5,59,0.3,7.7
2,,Diontae Johnson,CAR,LAC,0,0,0.0,4,58,0.3,7.6
2,,Tyler Lockett,SEA,@NE,0,0,0.0,5,58,0.3,7.6
2,,Brandin Cooks,DAL,NO,0,0,0.0,4,55,0.3,7.3
2,,Courtland Sutton,DEN,PIT,0,0,0.0,4,55,0.3,7.3
2,,Demarcus Robinson,LAR,@ARI,0,0,0.0,4,53,0.3,7.1
2,,Jayden Reed,GB,IND,0,0,0.0,4,51,0.3,6.9
2,,Khalil Shakir,BUF,@MIA,0,0,0.0,4,51,0.3,6.9
2,,Demario Douglas,NE,SEA,0,0,0.0,4,50,0.3,6.8
2,,Adonai Mitchell,IND,@GB,0,0,0.0,4,50,0.3,6.8
2,,Rome Odunze,CHI,@HOU,0,0,0.0,3,48,0.3,6.6
2,,Wan'Dale Robinson,NYG,@WAS,0,0,0.0,4,54,0.2,6.6
3,,Ja'Marr Chase,CIN,WAS,0,0,0.0,7,88,0.7,13.0
3,,Justin Jefferson,MIN,HOU,0,0,0.0,6,85,0.7,12.7
3,,Nico Collins,HOU,@MIN,0,0,0.0,6,88,0.6,12.4
3,,CeeDee Lamb,DAL,BAL,0,0,0.0,6,84,0.6,12.0
3,,DeVonta Smith,PHI,@NO,0,0,0.0,6,83,0.6,11.9
3,,Amon-Ra St. Brown,DET,@ARI,0,0,0.0,7,87,0.5,11.7
3,,Rashee Rice,KC,@ATL,0,0,0.0,7,85,0.5,11.5
3,,Davante Adams,LV,CAR,0,0,0.0,6,80,0.5,11.0
3,,Garrett Wilson,NYJ,NE,0,0,0.0,6,72,0.6,10.8
3,,Brandon Aiyuk,SF,@LAR,0,0,0.0,6,77,0.5,10.7
3,,Mike Evans,TB,DEN,0,0,0.0,5,70,0.6,10.6
3,,Chris Godwin,TB,DEN,0,0,0.0,7,75,0.5,10.5
3,,Tyreek Hill,MIA,@SEA,0,0,0.0,5,75,0.5,10.5
3,,DK Metcalf,SEA,MIA,0,0,0.0,5,75,0.5,10.5
3,,Chris Olave,NO,PHI,0,0,0.0,6,75,0.5,10.5
3,,Malik Nabers,NYG,@CLE,0,0,0.0,5,73,0.5,10.3
3,,Jameson Williams,DET,@ARI,1,8,0.0,4,65,0.5,10.3
3,,Marvin Harrison Jr.,ARI,DET,0,0,0.0,6,72,0.5,10.2
3,,Zay Flowers,BAL,@DAL,0,0,0.0,6,70,0.4,9.4
3,,Stefon Diggs,HOU,@MIN,0,0,0.0,5,62,0.5,9.2
3,,George Pickens,PIT,LAC,0,0,0.0,5,68,0.4,9.2
3,,D.J. Moore,CHI,@IND,0,0,0.0,5,66,0.4,9.0
3,,Rashid Shaheed,NO,PHI,0,0,0.0,4,60,0.5,9.0
3,,Calvin Ridley,TEN,GB,0,0,0.0,5,65,0.4,8.9
3,,Xavier Worthy,KC,@ATL,2,10,0.0,4,55,0.4,8.9
3,,Jaxon Smith-Njigba,SEA,MIA,0,0,0.0,5,68,0.3,8.6
3,,Brian Thomas Jr.,JAC,@BUF,0,0,0.0,5,65,0.3,8.3
3,,Demarcus Robinson,LAR,SF,0,0,0.0,5,63,0.3,8.1
3,,Tee Higgins,CIN,WAS,0,0,0.0,4,55,0.4,7.9
3,,Khalil Shakir,BUF,JAC,0,0,0.0,5,60,0.3,7.8
3,,Diontae Johnson,CAR,@LV,0,0,0.0,4,58,0.3,7.6
3,,Michael Pittman Jr.,IND,CHI,0,0,0.0,5,58,0.3,7.6
3,,Terry McLaurin,WAS,@CIN,0,0,0.0,4,57,0.3,7.5
3,,Tank Dell,HOU,@MIN,0,0,0.0,4,56,0.3,7.4
3,,Amari Cooper,CLE,NYG,0,0,0.0,4,55,0.3,7.3
3,,Ladd McConkey,LAC,@PIT,0,0,0.0,4,54,0.3,7.2
3,,Jaylen Waddle,MIA,@SEA,0,0,0.0,4,53,0.3,7.1
3,,Keon Coleman,BUF,JAC,0,0,0.0,4,51,0.3,6.9
3,,Drake London,ATL,KC,0,0,0.0,4,50,0.3,6.8
3,,Courtland Sutton,DEN,@TB,0,0,0.0,4,50,0.3,6.8
3,,Brandin Cooks,DAL,BAL,0,0,0.0,4,49,0.3,6.7
3,,Quentin Johnston,LAC,@PIT,0,0,0.0,4,49,0.3,6.7
3,,Jayden Reed,GB,@TEN,0,0,0.0,4,46,0.3,6.4
3,,Tyler Lockett,SEA,MIA,0,0,0.0,4,50,0.2,6.2
3,,Rome Odunze,CHI,@IND,0,0,0.0,3,44,0.3,6.2
3,,Wan'Dale Robinson,NYG,@CLE,0,0,0.0,4,50,0.2,6.2
3,,Jerry Jeudy,CLE,NYG,0,0,0.0,4,47,0.2,5.9
3,,Darnell Mooney,ATL,KC,0,0,0.0,3,46,0.2,5.8
3,,Adam Thielen,CAR,@LV,0,0,0.0,3,43,0.2,5.5
3,,Christian Watson,GB,@TEN,0,0,0.0,3,37,0.3,5.5
4,,Ja'Marr Chase,CIN,@CAR,0,0,0.0,6,87,0.7,12.9
4,,Justin Jefferson,MIN,@GB,0,0,0.0,6,83,0.7,12.5
4,,Nico Collins,HOU,JAC,0,0,0.0,6,87,0.6,12.3
4,,CeeDee Lamb,DAL,@NYG,0,0,0.0,6,82,0.6,11.8
4,,Rashee Rice,KC,@LAC,0,0,0.0,7,85,0.5,11.5
4,,Marvin Harrison Jr.,ARI,WAS,0,0,0.0,6,77,0.6,11.3
4,,Malik Nabers,NYG,DAL,0,0,0.0,5,70,0.7,11.2
4,,Amon-Ra St. Brown,DET,SEA,0,0,0.0,7,82,0.5,11.2
4,,Mike Evans,TB,PHI,0,0,0.0,5,75,0.6,11.1
4,,Chris Olave,NO,@ATL,0,0,0.0,6,77,0.5,10.7
4,,DK Metcalf,SEA,@DET,0,0,0.0,5,73,0.5,10.3
4,,Chris Godwin,TB,PHI,0,0,0.0,6,70,0.5,10.0
4,,Jameson Williams,DET,SEA,1,8,0.0,4,60,0.5,9.8
4,,Jayden Reed,GB,MIN,2,13,0.0,5,60,0.4,9.7
4,,Garrett Wilson,NYJ,DEN,0,0,0.0,5,67,0.5,9.7
4,,Stefon Diggs,HOU,JAC,0,0,0.0,5,66,0.5,9.6
4,,Brandon Aiyuk,SF,NE,0,0,0.0,5,70,0.4,9.4
4,,Zay Flowers,BAL,BUF,1,5,0.0,6,65,0.4,9.4
4,,D.J. Moore,CHI,LAR,0,0,0.0,5,69,0.4,9.3
4,,Tyreek Hill,MIA,TEN,0,0,0.0,5,68,0.4,9.2
4,,Diontae Johnson,CAR,CIN,0,0,0.0,5,68,0.4,9.2
4,,Calvin Ridley,TEN,@MIA,0,0,0.0,5,66,0.4,9.0
4,,Amari Cooper,CLE,@LV,0,0,0.0,5,65,0.4,8.9
4,,George Pickens,PIT,@IND,0,0,0.0,5,65,0.4,8.9
4,,Deebo Samuel,SF,NE,3,15,0.0,4,50,0.4,8.9
4,,Rashid Shaheed,NO,@ATL,0,0,0.0,3,58,0.5,8.8
4,,Terry McLaurin,WAS,@ARI,0,0,0.0,5,63,0.4,8.7
4,,Drake London,ATL,NO,0,0,0.0,5,60,0.4,8.4
4,,Jaxon Smith-Njigba,SEA,@DET,0,0,0.0,6,65,0.3,8.3
4,,Tee Higgins,CIN,@CAR,0,0,0.0,4,58,0.4,8.2
4,,Xavier Worthy,KC,@LAC,2,8,0.0,4,50,0.4,8.2
4,,Khalil Shakir,BUF,@BAL,0,0,0.0,5,63,0.3,8.1
4,,Brian Thomas Jr.,JAC,@HOU,0,0,0.0,4,58,0.3,7.6
4,,Ladd McConkey,LAC,KC,0,0,0.0,4,56,0.3,7.4
4,,Jakobi Meyers,LV,CLE,0,0,0.0,5,55,0.3,7.3
4,,Courtland Sutton,DEN,@NYJ,0,0,0.0,4,54,0.3,7.2
4,,Darnell Mooney,ATL,NO,0,0,0.0,4,53,0.3,7.1
4,,Quentin Johnston,LAC,KC,0,0,0.0,4,52,0.3,7.0
4,,Demarcus Robinson,LAR,@CHI,0,0,0.0,4,52,0.3,7.0
4,,Michael Wilson,ARI,WAS,0,0,0.0,4,52,0.3,7.0
4,,Keon Coleman,BUF,@BAL,0,0,0.0,4,51,0.3,6.9
4,,Jaylen Waddle,MIA,TEN,0,0,0.0,4,50,0.3,6.8
4,,Christian Kirk,JAC,@HOU,0,0,0.0,4,54,0.2,6.6
4,,Michael Pittman Jr.,IND,PIT,0,0,0.0,4,48,0.3,6.6
4,,Jordan Addison,MIN,@GB,0,0,0.0,4,53,0.2,6.5
4,,Brandin Cooks,DAL,@NYG,0,0,0.0,4,47,0.3,6.5
4,,Keenan Allen,CHI,LAR,0,0,0.0,4,45,0.3,6.3
4,,Christian Watson,GB,MIN,0,0,0.0,3,43,0.3,6.1
4,,Romeo Doubs,GB,MIN,0,0,0.0,4,47,0.2,5.9
4,,Tyler Lockett,SEA,@DET,0,0,0.0,4,47,0.2,5.9
5,,Ja'Marr Chase,CIN,BAL,0,0,0.0,6,84,0.7,12.6
5,,Justin Jefferson,MIN,NYJ,0,0,0.0,6,80,0.7,12.2
5,,Jayden Reed,GB,@LAR,2,13,0.0,6,77,0.5,12.0
5,,Nico Collins,HOU,BUF,0,0,0.0,6,85,0.5,11.5
5,,CeeDee Lamb,DAL,@PIT,0,0,0.0,6,78,0.6,11.4
5,,Mike Evans,TB,@ATL,0,0,0.0,5,74,0.6,11.0
5,,DK Metcalf,SEA,NYG,0,0,0.0,6,80,0.5,11.0
5,,Marvin Harrison Jr.,ARI,@SF,0,0,0.0,6,70,0.6,10.6
5,,Deebo Samuel,SF,ARI,3,14,0.0,5,68,0.4,10.6
5,,Chris Godwin,TB,@ATL,0,0,0.0,6,71,0.5,10.1
5,,Diontae Johnson,CAR,@CHI,0,0,0.0,5,71,0.5,10.1
5,,Amari Cooper,CLE,@WAS,0,0,0.0,5,70,0.5,10.0
5,,Stefon Diggs,HOU,BUF,0,0,0.0,5,70,0.5,10.0
5,,Garrett Wilson,NYJ,@MIN,0,0,0.0,5,67,0.5,9.7
5,,Tyreek Hill,MIA,@NE,2,8,0.0,4,61,0.4,9.3
5,,George Pickens,PIT,DAL,0,0,0.0,5,68,0.4,9.2
5,,Michael Pittman Jr.,IND,@JAC,0,0,0.0,6,72,0.3,9.0
5,,Xavier Worthy,KC,NO,2,8,0.0,4,58,0.4,9.0
5,,Zay Flowers,BAL,@CIN,1,5,0.0,5,60,0.4,8.9
5,,Tee Higgins,CIN,BAL,0,0,0.0,5,65,0.4,8.9
5,,Drake London,ATL,TB,0,0,0.0,5,65,0.4,8.9
5,,Dontayvion Wicks,GB,@LAR,0,0,0.0,5,65,0.4,8.9
5,,Brandon Aiyuk,SF,ARI,0,0,0.0,5,63,0.4,8.7
5,,Chris Olave,NO,@KC,0,0,0.0,5,62,0.4,8.6
5,,Terry McLaurin,WAS,CLE,0,0,0.0,6,60,0.4,8.4
5,,Jaxon Smith-Njigba,SEA,NYG,0,0,0.0,6,66,0.3,8.4
5,,Keon Coleman,BUF,@HOU,0,0,0.0,5,64,0.3,8.2
5,,Brian Thomas Jr.,JAC,IND,0,0,0.0,5,63,0.3,8.1
5,,Josh Downs,IND,@JAC,0,0,0.0,6,62,0.3,8.0
5,,Rashid Shaheed,NO,@KC,0,0,0.0,3,56,0.4,8.0
5,,D.J. Moore,CHI,CAR,0,0,0.0,5,60,0.3,7.8
5,,Christian Kirk,JAC,IND,0,0,0.0,4,59,0.3,7.7
5,,Wan'Dale Robinson,NYG,@SEA,0,0,0.0,6,64,0.2,7.6
5,,Courtland Sutton,DEN,LV,0,0,0.0,4,57,0.3,7.5
5,,Darius Slayton,NYG,@SEA,0,0,0.0,4,55,0.3,7.3
5,,Tank Dell,HOU,BUF,0,0,0.0,4,54,0.3,7.2
5,,Jakobi Meyers,LV,@DEN,0,0,0.0,5,53,0.3,7.1
5,,Darnell Mooney,ATL,TB,0,0,0.0,4,53,0.3,7.1
5,,Jordan Whittington,LAR,GB,0,0,0.0,5,57,0.2,6.9
5,,Jordan Addison,MIN,NYJ,0,0,0.0,4,48,0.3,6.6
5,,Tutu Atwell,LAR,GB,0,0,0.0,3,54,0.2,6.6
5,,Michael Wilson,ARI,@SF,0,0,0.0,3,46,0.3,6.4
5,,Allen Lazard,NYJ,@MIN,0,0,0.0,4,45,0.3,6.3
5,,Jauan Jennings,SF,ARI,0,0,0.0,4,49,0.2,6.1
5,,Demarcus Robinson,LAR,GB,0,0,0.0,4,48,0.2,6.0
5,,Jaylen Waddle,MIA,@NE,0,0,0.0,3,42,0.3,6.0
5,,Tre Tucker,LV,@DEN,0,0,0.0,4,47,0.2,5.9
5,,Keenan Allen,CHI,CAR,0,0,0.0,3,40,0.3,5.8
5,,Rome Odunze,CHI,CAR,0,0,0.0,3,40,0.3,5.8
5,,Jalen Tolbert,DAL,@PIT,0,0,0.0,3,45,0.2,5.7
6,,Ja'Marr Chase,CIN,@NYG,0,0,0.0,6,86,0.7,12.8
6,,Jayden Reed,GB,ARI,2,15,0.0,6,75,0.5,12.0
6,,CeeDee Lamb,DAL,DET,0,0,0.0,6,82,0.6,11.8
6,,Amon-Ra St. Brown,DET,@DAL,0,0,0.0,7,87,0.5,11.7
6,,Mike Evans,TB,@NO,0,0,0.0,5,77,0.6,11.3
6,,DK Metcalf,SEA,SF,0,0,0.0,6,82,0.5,11.2
6,,Stefon Diggs,HOU,@NE,0,0,0.0,6,74,0.5,10.4
6,,Chris Godwin,TB,@NO,0,0,0.0,6,73,0.5,10.3
6,,Deebo Samuel,SF,@SEA,3,13,0.0,5,65,0.4,10.2
6,,A.J. Brown,PHI,CLE,0,0,0.0,6,77,0.4,10.1
6,,Marvin Harrison Jr.,ARI,@GB,0,0,0.0,6,70,0.5,10.0
6,,Garrett Wilson,NYJ,BUF,0,0,0.0,5,70,0.5,10.0
6,,Brandon Aiyuk,SF,@SEA,0,0,0.0,5,73,0.4,9.7
6,,Amari Cooper,CLE,@PHI,0,0,0.0,5,67,0.5,9.7
6,,DeVonta Smith,PHI,CLE,0,0,0.0,5,72,0.4,9.6
6,,Zay Flowers,BAL,WAS,1,5,0.0,6,65,0.4,9.4
6,,Tee Higgins,CIN,@NYG,0,0,0.0,5,69,0.4,9.3
6,,Drake London,ATL,@CAR,0,0,0.0,6,68,0.4,9.2
6,,Terry McLaurin,WAS,@BAL,0,0,0.0,6,67,0.4,9.1
6,,Diontae Johnson,CAR,ATL,0,0,0.0,5,66,0.4,9.0
6,,Jameson Williams,DET,@DAL,0,0,0.0,4,65,0.4,8.9
6,,George Pickens,PIT,@LV,0,0,0.0,5,63,0.4,8.7
6,,Brian Thomas Jr.,JAC,@CHI,0,0,0.0,5,63,0.4,8.7
6,,Jaxon Smith-Njigba,SEA,SF,0,0,0.0,6,68,0.3,8.6
6,,Darius Slayton,NYG,CIN,0,0,0.0,5,67,0.3,8.5
6,,Josh Downs,IND,@TEN,0,0,0.0,6,66,0.3,8.4
6,,D.J. Moore,CHI,JAC,0,0,0.0,5,65,0.3,8.3
6,,Calvin Ridley,TEN,IND,0,0,0.0,5,65,0.3,8.3
6,,Christian Kirk,JAC,@CHI,0,0,0.0,4,60,0.3,7.8
6,,Chris Olave,NO,TB,0,0,0.0,5,60,0.3,7.8
6,,Wan'Dale Robinson,NYG,CIN,0,0,0.0,6,65,0.2,7.7
6,,Courtland Sutton,DEN,LAC,0,0,0.0,5,59,0.3,7.7
6,,Tank Dell,HOU,@NE,0,0,0.0,4,58,0.3,7.6
6,,Michael Pittman Jr.,IND,@TEN,0,0,0.0,5,57,0.3,7.5
6,,Darnell Mooney,ATL,@CAR,0,0,0.0,4,55,0.3,7.3
6,,Jalen Tolbert,DAL,DET,0,0,0.0,4,55,0.3,7.3
6,,Keon Coleman,BUF,@NYJ,0,0,0.0,4,52,0.3,7.0
6,,Ladd McConkey,LAC,@DEN,0,0,0.0,5,58,0.2,7.0
6,,Rashid Shaheed,NO,TB,0,0,0.0,3,50,0.3,6.8
6,,Romeo Doubs,GB,ARI,0,0,0.0,4,47,0.3,6.5
6,,Michael Wilson,ARI,@GB,0,0,0.0,4,50,0.2,6.2
6,,DeAndre Hopkins,TEN,IND,0,0,0.0,4,42,0.3,6.0
6,,Allen Lazard,NYJ,BUF,0,0,0.0,3,40,0.3,5.8
6,,Tre Tucker,LV,PIT,0,0,0.0,4,46,0.2,5.8
6,,Tyler Lockett,SEA,SF,0,0,0.0,4,45,0.2,5.7
6,,Ja'Lynn Polk,NE,HOU,0,0,0.0,4,45,0.2,5.7
6,,Xavier Hutchinson,HOU,@NE,0,0,0.0,3,43,0.2,5.5
6,,Jerry Jeudy,CLE,@PHI,0,0,0.0,4,43,0.2,5.5
6,,Quentin Johnston,LAC,@DEN,0,0,0.0,3,43,0.2,5.5
6,,Xavier Legette,CAR,ATL,0,0,0.0,3,41,0.2,5.3
7,,Justin Jefferson,MIN,DET,0,0,0.0,7,90,0.8,13.8
7,,Ja'Marr Chase,CIN,@CLE,0,0,0.0,6,82,0.7,12.4
7,,A.J. Brown,PHI,@NYG,0,0,0.0,6,85,0.6,12.1
7,,Jayden Reed,GB,HOU,2,13,0.0,6,72,0.5,11.5
7,,Malik Nabers,NYG,PHI,0,0,0.0,6,77,0.6,11.3
7,,Deebo Samuel,SF,KC,4,16,0.1,5,67,0.4,11.3
7,,DK Metcalf,SEA,@ATL,0,0,0.0,6,80,0.5,11.0
7,,Amon-Ra St. Brown,DET,@MIN,0,0,0.0,6,80,0.5,11.0
7,,Mike Evans,TB,BAL,0,0,0.0,5,73,0.6,10.9
7,,Chris Godwin,TB,BAL,0,0,0.0,7,77,0.5,10.7
7,,Stefon Diggs,HOU,@GB,0,0,0.0,6,76,0.5,10.6
7,,Diontae Johnson,CAR,@WAS,0,0,0.0,6,76,0.4,10.0
7,,Zay Flowers,BAL,@TB,1,5,0.0,6,70,0.4,9.9
7,,Drake London,ATL,SEA,0,0,0.0,6,69,0.5,9.9
7,,Garrett Wilson,NYJ,@PIT,0,0,0.0,5,68,0.5,9.8
7,,Tee Higgins,CIN,@CLE,0,0,0.0,5,71,0.4,9.5
7,,DeVonta Smith,PHI,@NYG,0,0,0.0,5,67,0.4,9.1
7,,Terry McLaurin,WAS,CAR,0,0,0.0,6,66,0.4,9.0
7,,Brian Thomas Jr.,JAC,NE,0,0,0.0,5,65,0.4,8.9
7,,Jameson Williams,DET,@MIN,0,0,0.0,4,63,0.4,8.7
7,,George Pickens,PIT,NYJ,0,0,0.0,5,60,0.4,8.4
7,,Jaxon Smith-Njigba,SEA,@ATL,0,0,0.0,6,66,0.3,8.4
7,,Tank Dell,HOU,@GB,0,0,0.0,5,63,0.3,8.1
7,,Tyreek Hill,MIA,@IND,0,0,0.0,4,63,0.3,8.1
7,,Marvin Harrison Jr.,ARI,LAC,0,0,0.0,5,62,0.3,8.0
7,,Josh Downs,IND,MIA,0,0,0.0,5,60,0.3,7.8
7,,Christian Watson,GB,HOU,0,0,0.0,4,60,0.3,7.8
7,,Brandon Aiyuk,SF,KC,0,0,0.0,4,58,0.3,7.6
7,,Darnell Mooney,ATL,SEA,0,0,0.0,4,57,0.3,7.5
7,,Tutu Atwell,LAR,LV,0,0,0.0,4,61,0.2,7.3
7,,Courtland Sutton,DEN,@NO,0,0,0.0,4,55,0.3,7.3
7,,Xavier Worthy,KC,@SF,2,10,0.1,3,45,0.2,7.3
7,,JuJu Smith-Schuster,KC,@SF,0,0,0.0,4,53,0.3,7.1
7,,Davante Adams,NYJ,@PIT,0,0,0.0,4,52,0.3,7.0
7,,Jordan Addison,MIN,DET,0,0,0.0,4,52,0.3,7.0
7,,Christian Kirk,JAC,NE,0,0,0.0,4,52,0.3,7.0
7,,Michael Pittman Jr.,IND,MIA,0,0,0.0,4,52,0.3,7.0
7,,Wan'Dale Robinson,NYG,PHI,0,0,0.0,6,58,0.2,7.0
7,,Jordan Whittington,LAR,LV,0,0,0.0,5,58,0.2,7.0
7,,DeAndre Hopkins,TEN,@BUF,0,0,0.0,4,50,0.3,6.8
7,,Demario Douglas,NE,@JAC,0,0,0.0,5,55,0.2,6.7
7,,Jerry Jeudy,CLE,CIN,0,0,0.0,5,55,0.2,6.7
7,,Ladd McConkey,LAC,@ARI,0,0,0.0,4,55,0.2,6.7
7,,Khalil Shakir,BUF,TEN,0,0,0.0,4,47,0.3,6.5
7,,Bub Means,NO,DEN,0,0,0.0,4,52,0.2,6.4
7,,Romeo Doubs,GB,HOU,0,0,0.0,4,44,0.3,6.2
7,,Calvin Ridley,TEN,@BUF,0,0,0.0,4,48,0.2,6.0
7,,Jaylen Waddle,MIA,@IND,0,0,0.0,3,48,0.2,6.0
7,,Xavier Legette,CAR,@WAS,0,0,0.0,4,46,0.2,5.8
7,,Amari Cooper,BUF,TEN,0,0,0.0,3,38,0.3,5.6
8,,Justin Jefferson,MIN,@LAR,0,0,0.0,6,88,0.8,13.6
8,,Ja'Marr Chase,CIN,PHI,0,0,0.0,7,90,0.7,13.2
8,,Amon-Ra St. Brown,DET,TEN,0,0,0.0,7,87,0.6,12.3
8,,A.J. Brown,PHI,@CIN,0,0,0.0,6,81,0.6,11.7
8,,Tyreek Hill,MIA,ARI,0,0,0.0,6,86,0.5,11.6
8,,Malik Nabers,NYG,@PIT,0,0,0.0,6,75,0.6,11.1
8,,Deebo Samuel,SF,DAL,3,15,0.1,5,67,0.3,10.6
8,,Drake London,ATL,@TB,0,0,0.0,6,75,0.5,10.5
8,,Davante Adams,NYJ,@NE,0,0,0.0,6,72,0.5,10.2
8,,Stefon Diggs,HOU,IND,0,0,0.0,6,72,0.5,10.2
8,,Zay Flowers,BAL,@CLE,1,5,0.0,6,73,0.4,10.2
8,,Jayden Reed,GB,@JAC,2,12,0.0,5,66,0.4,10.2
8,,CeeDee Lamb,DAL,@SF,0,0,0.0,6,77,0.4,10.1
8,,Cooper Kupp,LAR,MIN,0,0,0.0,6,75,0.4,9.9
8,,Brian Thomas Jr.,JAC,GB,0,0,0.0,5,71,0.4,9.5
8,,D.J. Moore,CHI,@WAS,0,0,0.0,5,70,0.4,9.4
8,,George Pickens,PIT,NYG,0,0,0.0,5,68,0.4,9.2
8,,Garrett Wilson,NYJ,@NE,0,0,0.0,5,67,0.4,9.1
8,,Jaxon Smith-Njigba,SEA,BUF,0,0,0.0,6,71,0.3,8.9
8,,Terry McLaurin,WAS,CHI,0,0,0.0,6,63,0.4,8.7
8,,DeVonta Smith,PHI,@CIN,0,0,0.0,5,63,0.4,8.7
8,,Darnell Mooney,ATL,@TB,0,0,0.0,5,63,0.3,8.1
8,,Xavier Worthy,KC,@LV,3,11,0.1,4,52,0.2,8.1
8,,Jaylen Waddle,MIA,ARI,0,0,0.0,4,62,0.3,8.0
8,,Jalen McMillan,TB,ATL,0,0,0.0,4,58,0.3,7.6
8,,Jerry Jeudy,CLE,BAL,0,0,0.0,5,57,0.3,7.5
8,,Chris Olave,NO,@LAC,0,0,0.0,4,56,0.3,7.4
8,,Christian Watson,GB,@JAC,0,0,0.0,4,56,0.3,7.4
8,,Amari Cooper,BUF,@SEA,0,0,0.0,4,52,0.3,7.0
8,,Marvin Harrison Jr.,ARI,@MIA,0,0,0.0,4,52,0.3,7.0
8,,Jordan Addison,MIN,@LAR,0,0,0.0,4,50,0.3,6.8
8,,Courtland Sutton,DEN,CAR,0,0,0.0,4,50,0.3,6.8
8,,Tank Dell,HOU,IND,0,0,0.0,4,53,0.2,6.5
8,,Demario Douglas,NE,NYJ,0,0,0.0,5,53,0.2,6.5
8,,Tyler Lockett,SEA,BUF,0,0,0.0,5,53,0.2,6.5
8,,Ladd McConkey,LAC,NO,0,0,0.0,4,53,0.2,6.5
8,,Khalil Shakir,BUF,@SEA,0,0,0.0,4,47,0.3,6.5
8,,Cedric Tillman,CLE,BAL,0,0,0.0,3,47,0.3,6.5
8,,Michael Pittman Jr.,IND,@HOU,0,0,0.0,4,52,0.2,6.4
8,,Wan'Dale Robinson,NYG,@PIT,0,0,0.0,5,52,0.2,6.4
8,,Andrei Iosivas,CIN,PHI,0,0,0.0,4,45,0.3,6.3
8,,Romeo Doubs,GB,@JAC,0,0,0.0,4,44,0.3,6.2
8,,Josh Downs,IND,@HOU,0,0,0.0,5,50,0.2,6.2
8,,Mecole Hardman,KC,@LV,3,14,0.1,2,28,0.2,6.0
8,,Jakobi Meyers,LV,KC,0,0,0.0,4,48,0.2,6.0
8,,Xavier Legette,CAR,@DEN,0,0,0.0,4,47,0.2,5.9
8,,Calvin Ridley,TEN,@DET,0,0,0.0,4,45,0.2,5.7
8,,Jalen Tolbert,DAL,@SF,0,0,0.0,3,44,0.2,5.6
8,,Tutu Atwell,LAR,MIN,0,0,0.0,3,43,0.2,5.5
8,,Darius Slayton,NYG,@PIT,0,0,0.0,3,37,0.3,5.5
9,,Justin Jefferson,MIN,IND,0,0,0.0,7,94,0.8,14.2
9,,Ja'Marr Chase,CIN,LV,0,0,0.0,6,84,0.7,12.6
9,,Amon-Ra St. Brown,DET,@GB,0,0,0.0,7,84,0.7,12.6
9,,A.J. Brown,PHI,JAC,0,0,0.0,6,85,0.6,12.1
9,,Tyreek Hill,MIA,@BUF,0,0,0.0,6,85,0.5,11.5
9,,CeeDee Lamb,DAL,@ATL,0,0,0.0,6,84,0.5,11.4
9,,Malik Nabers,NYG,WAS,0,0,0.0,6,77,0.6,11.3
9,,Drake London,ATL,DAL,0,0,0.0,6,77,0.5,10.7
9,,Cooper Kupp,LAR,@SEA,0,0,0.0,6,74,0.5,10.4
9,,Zay Flowers,BAL,DEN,2,7,0.0,7,75,0.3,10.0
9,,Puka Nacua,LAR,@SEA,0,0,0.0,5,70,0.5,10.0
9,,Davante Adams,NYJ,HOU,0,0,0.0,5,68,0.5,9.8
9,,Chris Olave,NO,@CAR,0,0,0.0,6,72,0.4,9.6
9,,Garrett Wilson,NYJ,HOU,0,0,0.0,6,72,0.4,9.6
9,,Terry McLaurin,WAS,@NYG,0,0,0.0,6,70,0.4,9.4
9,,Jayden Reed,GB,DET,2,12,0.0,5,58,0.4,9.4
9,,Josh Downs,IND,@MIN,0,0,0.0,6,68,0.4,9.2
9,,D.J. Moore,CHI,@ARI,0,0,0.0,5,64,0.4,8.8
9,,DeVonta Smith,PHI,JAC,0,0,0.0,5,64,0.4,8.8
9,,Darnell Mooney,ATL,DAL,0,0,0.0,5,67,0.3,8.5
9,,Brian Thomas Jr.,JAC,@PHI,0,0,0.0,5,67,0.3,8.5
9,,Jaxon Smith-Njigba,SEA,LAR,0,0,0.0,6,64,0.3,8.2
9,,Jaylen Waddle,MIA,@BUF,0,0,0.0,5,64,0.3,8.2
9,,Tank Dell,HOU,@NYJ,0,0,0.0,5,63,0.3,8.1
9,,Xavier Worthy,KC,TB,2,10,0.1,3,47,0.3,8.1
9,,Jalen McMillan,TB,@KC,2,8,0.0,4,53,0.3,7.9
9,,Tyler Lockett,SEA,LAR,0,0,0.0,6,60,0.3,7.8
9,,Courtland Sutton,DEN,@BAL,0,0,0.0,5,60,0.3,7.8
9,,Marvin Harrison Jr.,ARI,CHI,0,0,0.0,4,59,0.3,7.7
9,,Ladd McConkey,LAC,@CLE,0,0,0.0,5,58,0.3,7.6
9,,Michael Pittman Jr.,IND,@MIN,0,0,0.0,5,57,0.3,7.5
9,,Cedric Tillman,CLE,LAC,0,0,0.0,4,57,0.3,7.5
9,,Khalil Shakir,BUF,MIA,0,0,0.0,4,56,0.3,7.4
9,,Jerry Jeudy,CLE,LAC,0,0,0.0,5,55,0.3,7.3
9,,Jakobi Meyers,LV,@CIN,0,0,0.0,5,55,0.3,7.3
9,,Calvin Ridley,TEN,NE,0,0,0.0,5,60,0.2,7.2
9,,Keon Coleman,BUF,MIA,0,0,0.0,4,53,0.3,7.1
9,,Romeo Doubs,GB,DET,0,0,0.0,4,51,0.3,6.9
9,,Christian Watson,GB,DET,0,0,0.0,3,48,0.3,6.6
9,,Xavier Legette,CAR,NO,0,0,0.0,4,53,0.2,6.5
9,,Demario Douglas,NE,@TEN,0,0,0.0,5,50,0.2,6.2
9,,Jordan Addison,MIN,IND,0,0,0.0,3,42,0.3,6.0
9,,Wan'Dale Robinson,NYG,WAS,0,0,0.0,5,48,0.2,6.0
9,,Elijah Moore,CLE,LAC,0,0,0.0,4,47,0.2,5.9
9,,Darius Slayton,NYG,WAS,0,0,0.0,3,47,0.2,5.9
9,,Demarcus Robinson,LAR,@SEA,0,0,0.0,3,40,0.3,5.8
9,,Rashod Bateman,BAL,DEN,0,0,0.0,4,45,0.2,5.7
9,,Josh Palmer,LAC,@CLE,0,0,0.0,4,45,0.2,5.7
9,,DeAndre Hopkins,KC,TB,0,0,0.0,4,44,0.2,5.6
9,,Keenan Allen,CHI,@ARI,0,0,0.0,3,43,0.2,5.5
10,,Justin Jefferson,MIN,@JAC,0,0,0.0,6,93,0.8,14.1
10,,Ja'Marr Chase,CIN,@BAL,0,0,0.0,7,91,0.7,13.3
10,,Amon-Ra St. Brown,DET,@HOU,0,0,0.0,6,80,0.7,12.2
10,,Deebo Samuel,SF,@TB,3,15,0.1,5,68,0.5,11.9
10,,Malik Nabers,NYG,@CAR,0,0,0.0,6,77,0.6,11.3
10,,Tyreek Hill,MIA,@LAR,0,0,0.0,6,82,0.5,11.2
10,,Zay Flowers,BAL,CIN,1,6,0.0,7,78,0.4,10.8
10,,A.J. Brown,PHI,@DAL,0,0,0.0,6,77,0.5,10.7
10,,Puka Nacua,LAR,MIA,0,0,0.0,6,77,0.5,10.7
10,,Drake London,ATL,@NO,0,0,0.0,6,75,0.5,10.5
10,,Garrett Wilson,NYJ,@ARI,0,0,0.0,6,75,0.5,10.5
10,,Davante Adams,NYJ,@ARI,0,0,0.0,6,73,0.5,10.3
10,,Cooper Kupp,LAR,MIA,0,0,0.0,6,72,0.5,10.2
10,,CeeDee Lamb,DAL,PHI,0,0,0.0,6,72,0.4,9.6
10,,George Pickens,PIT,@WAS,0,0,0.0,5,71,0.4,9.5
10,,Josh Downs,IND,BUF,0,0,0.0,6,68,0.4,9.2
10,,Terry McLaurin,WAS,PIT,0,0,0.0,5,67,0.4,9.1
10,,DeVonta Smith,PHI,@DAL,0,0,0.0,5,65,0.4,8.9
10,,Khalil Shakir,BUF,@IND,0,0,0.0,5,67,0.3,8.5
10,,Courtland Sutton,DEN,@KC,0,0,0.0,5,67,0.3,8.5
10,,D.J. Moore,CHI,NE,0,0,0.0,5,60,0.4,8.4
10,,Darnell Mooney,ATL,@NO,0,0,0.0,5,65,0.3,8.3
10,,Brian Thomas Jr.,JAC,MIN,0,0,0.0,4,65,0.3,8.3
10,,Tank Dell,HOU,DET,0,0,0.0,5,63,0.3,8.1
10,,Ladd McConkey,LAC,TEN,0,0,0.0,5,62,0.3,8.0
10,,DeAndre Hopkins,KC,DEN,0,0,0.0,5,61,0.3,7.9
10,,Jameson Williams,DET,@HOU,1,8,0.0,3,46,0.4,7.8
10,,Calvin Ridley,TEN,@LAC,0,0,0.0,5,64,0.2,7.6
10,,Quentin Johnston,LAC,TEN,0,0,0.0,4,56,0.3,7.4
10,,Xavier Worthy,KC,DEN,2,10,0.1,3,40,0.3,7.4
10,,Xavier Legette,CAR,NYG,0,0,0.0,5,58,0.2,7.0
10,,Jalen McMillan,TB,SF,2,8,0.0,4,50,0.2,7.0
10,,Marvin Harrison Jr.,ARI,NYJ,0,0,0.0,4,51,0.3,6.9
10,,Jauan Jennings,SF,@TB,0,0,0.0,4,50,0.3,6.8
10,,Jordan Addison,MIN,@JAC,0,0,0.0,4,48,0.3,6.6
10,,Wan'Dale Robinson,NYG,@CAR,0,0,0.0,5,54,0.2,6.6
10,,Demarcus Robinson,LAR,MIA,0,0,0.0,3,43,0.3,6.1
10,,Demario Douglas,NE,@CHI,0,0,0.0,5,48,0.2,6.0
10,,Rome Odunze,CHI,NE,0,0,0.0,3,45,0.2,5.7
10,,Jaylen Waddle,MIA,@LAR,0,0,0.0,3,43,0.2,5.5
10,,Josh Palmer,LAC,TEN,0,0,0.0,3,42,0.2,5.4
10,,Sterling Shepard,TB,SF,0,0,0.0,3,41,0.2,5.3
10,,Nick Westbrook-Ikhine,TEN,@LAC,0,0,0.0,4,41,0.2,5.3
10,,Rashod Bateman,BAL,CIN,0,0,0.0,3,40,0.2,5.2
10,,Andrei Iosivas,CIN,@BAL,0,0,0.0,3,40,0.2,5.2
10,,Alec Pierce,IND,BUF,0,0,0.0,3,40,0.2,5.2
10,,Michael Wilson,ARI,NYJ,0,0,0.0,3,40,0.2,5.2
10,,Keenan Allen,CHI,NE,0,0,0.0,3,38,0.2,5.0
10,,Parker Washington,JAC,MIN,0,0,0.0,4,37,0.2,4.9
10,,Mecole Hardman,KC,DEN,3,12,0.1,2,24,0.1,4.8
11,,Justin Jefferson,MIN,@TEN,0,0,0.0,6,87,0.8,13.5
11,,Ja'Marr Chase,CIN,@LAC,0,0,0.0,6,83,0.6,11.9
11,,Deebo Samuel,SF,SEA,3,14,0.1,5,66,0.5,11.6
11,,Amon-Ra St. Brown,DET,JAC,0,0,0.0,6,80,0.6,11.6
11,,DK Metcalf,SEA,@SF,0,0,0.0,6,81,0.5,11.1
11,,Puka Nacua,LAR,@NE,0,0,0.0,6,79,0.5,10.9
11,,Zay Flowers,BAL,@PIT,1,6,0.0,7,77,0.4,10.7
11,,A.J. Brown,PHI,WAS,0,0,0.0,6,82,0.4,10.6
11,,Cooper Kupp,LAR,@NE,0,0,0.0,6,74,0.5,10.4
11,,Garrett Wilson,NYJ,IND,0,0,0.0,6,74,0.5,10.4
11,,Nico Collins,HOU,@DAL,0,0,0.0,5,73,0.5,10.3
11,,Tyreek Hill,MIA,LV,0,0,0.0,5,72,0.5,10.2
11,,Davante Adams,NYJ,IND,0,0,0.0,5,70,0.5,10.0
11,,Drake London,ATL,@DEN,0,0,0.0,6,70,0.5,10.0
11,,George Pickens,PIT,BAL,0,0,0.0,5,76,0.4,10.0
11,,Terry McLaurin,WAS,@PHI,0,0,0.0,6,73,0.4,9.7
11,,CeeDee Lamb,DAL,HOU,0,0,0.0,5,67,0.4,9.1
11,,Tee Higgins,CIN,@LAC,0,0,0.0,5,66,0.4,9.0
11,,Courtland Sutton,DEN,ATL,0,0,0.0,5,66,0.4,9.0
11,,Cedric Tillman,CLE,@NO,0,0,0.0,5,66,0.4,9.0
11,,Ladd McConkey,LAC,CIN,0,0,0.0,5,63,0.4,8.7
11,,Jakobi Meyers,LV,@MIA,0,0,0.0,6,68,0.3,8.6
11,,Darnell Mooney,ATL,@DEN,0,0,0.0,5,68,0.3,8.6
11,,Jayden Reed,GB,@CHI,0,0,0.0,5,68,0.3,8.6
11,,Jauan Jennings,SF,SEA,0,0,0.0,5,66,0.3,8.4
11,,DeAndre Hopkins,KC,@BUF,0,0,0.0,5,65,0.3,8.3
11,,Calvin Ridley,TEN,MIN,0,0,0.0,5,64,0.3,8.2
11,,Jameson Williams,DET,JAC,1,8,0.0,3,50,0.4,8.2
11,,Jaxon Smith-Njigba,SEA,@SF,0,0,0.0,5,63,0.3,8.1
11,,Brian Thomas Jr.,JAC,@DET,0,0,0.0,4,63,0.3,8.1
11,,Jerry Jeudy,CLE,@NO,0,0,0.0,5,62,0.3,8.0
11,,Khalil Shakir,BUF,KC,0,0,0.0,5,62,0.3,8.0
11,,DeVonta Smith,PHI,WAS,0,0,0.0,5,61,0.3,7.9
11,,Josh Downs,IND,@NYJ,0,0,0.0,5,58,0.3,7.6
11,,Xavier Worthy,KC,@BUF,2,10,0.1,3,42,0.3,7.6
11,,Quentin Johnston,LAC,CIN,0,0,0.0,4,56,0.3,7.4
11,,Tank Dell,HOU,@DAL,0,0,0.0,4,51,0.3,6.9
11,,Amari Cooper,BUF,KC,0,0,0.0,4,50,0.3,6.8
11,,D.J. Moore,CHI,GB,0,0,0.0,4,50,0.3,6.8
11,,Jordan Addison,MIN,@TEN,0,0,0.0,4,49,0.3,6.7
11,,Romeo Doubs,GB,@CHI,0,0,0.0,5,55,0.2,6.7
11,,Elijah Moore,CLE,@NO,0,0,0.0,5,55,0.2,6.7
11,,Christian Watson,GB,@CHI,0,0,0.0,4,54,0.2,6.6
11,,Jaylen Waddle,MIA,LV,0,0,0.0,4,50,0.2,6.2
11,,Demario Douglas,NE,LAR,0,0,0.0,5,49,0.2,6.1
11,,Demarcus Robinson,LAR,@NE,0,0,0.0,3,42,0.3,6.0
11,,Rashod Bateman,BAL,@PIT,0,0,0.0,4,45,0.2,5.7
11,,Ricky Pearsall,SF,SEA,0,0,0.0,3,39,0.3,5.7
11,,Alec Pierce,IND,@NYJ,0,0,0.0,3,45,0.2,5.7
11,,Adonai Mitchell,IND,@NYJ,0,0,0.0,3,43,0.2,5.5
12,,Justin Jefferson,MIN,@CHI,0,0,0.0,6,90,0.7,13.2
12,,Amon-Ra St. Brown,DET,@IND,0,0,0.0,7,85,0.7,12.7
12,,A.J. Brown,PHI,@LAR,0,0,0.0,6,85,0.6,12.1
12,,Puka Nacua,LAR,PHI,0,0,0.0,6,82,0.5,11.2
12,,Cooper Kupp,LAR,PHI,0,0,0.0,6,80,0.5,11.0
12,,Zay Flowers,BAL,@LAC,1,6,0.0,7,76,0.4,10.6
12,,DK Metcalf,SEA,ARI,0,0,0.0,6,76,0.5,10.6
12,,Nico Collins,HOU,TEN,0,0,0.0,5,75,0.5,10.5
12,,Mike Evans,TB,@NYG,0,0,0.0,5,73,0.5,10.3
12,,Tyreek Hill,MIA,NE,0,0,0.0,5,70,0.5,10.0
12,,Malik Nabers,NYG,TB,0,0,0.0,5,68,0.5,9.8
12,,CeeDee Lamb,DAL,@WAS,0,0,0.0,6,73,0.4,9.7
12,,Ladd McConkey,LAC,BAL,0,0,0.0,6,72,0.4,9.6
12,,Terry McLaurin,WAS,DAL,0,0,0.0,5,70,0.4,9.4
12,,George Pickens,PIT,@CLE,0,0,0.0,5,70,0.4,9.4
12,,Courtland Sutton,DEN,@LV,0,0,0.0,5,70,0.4,9.4
12,,Deebo Samuel,SF,@GB,3,15,0.1,4,53,0.3,9.2
12,,Jaxon Smith-Njigba,SEA,ARI,0,0,0.0,6,68,0.4,9.2
12,,Cedric Tillman,CLE,PIT,0,0,0.0,5,64,0.4,8.8
12,,Jameson Williams,DET,@IND,1,8,0.0,4,55,0.4,8.7
12,,Calvin Ridley,TEN,@HOU,0,0,0.0,5,66,0.3,8.4
12,,Quentin Johnston,LAC,BAL,0,0,0.0,4,65,0.3,8.3
12,,DeAndre Hopkins,KC,@CAR,0,0,0.0,5,64,0.3,8.2
12,,Jayden Reed,GB,SF,0,0,0.0,5,64,0.3,8.2
12,,Josh Downs,IND,DET,0,0,0.0,6,63,0.3,8.1
12,,Marvin Harrison Jr.,ARI,@SEA,0,0,0.0,5,63,0.3,8.1
12,,Xavier Worthy,KC,@CAR,2,10,0.1,3,46,0.3,8.0
12,,Jauan Jennings,SF,@GB,0,0,0.0,4,60,0.3,7.8
12,,Jakobi Meyers,LV,DEN,0,0,0.0,5,60,0.3,7.8
12,,Jerry Jeudy,CLE,PIT,0,0,0.0,5,55,0.3,7.3
12,,Jordan Addison,MIN,@CHI,0,0,0.0,4,53,0.3,7.1
12,,Tank Dell,HOU,TEN,0,0,0.0,4,50,0.3,6.8
12,,D.J. Moore,CHI,MIN,0,0,0.0,4,50,0.3,6.8
12,,Wan'Dale Robinson,NYG,TB,0,0,0.0,5,55,0.2,6.7
12,,Christian Watson,GB,SF,0,0,0.0,4,55,0.2,6.7
12,,Demario Douglas,NE,@MIA,0,0,0.0,5,52,0.2,6.4
12,,Romeo Doubs,GB,SF,0,0,0.0,4,50,0.2,6.2
12,,Elijah Moore,CLE,PIT,0,0,0.0,5,50,0.2,6.2
12,,Nick Westbrook-Ikhine,TEN,@HOU,0,0,0.0,4,43,0.3,6.1
12,,Rome Odunze,CHI,MIN,0,0,0.0,3,48,0.2,6.0
12,,Rashod Bateman,BAL,@LAC,0,0,0.0,4,47,0.2,5.9
12,,Devaughn Vele,DEN,@LV,0,0,0.0,3,41,0.3,5.9
12,,Demarcus Robinson,LAR,PHI,0,0,0.0,3,40,0.3,5.8
12,,Jaylen Waddle,MIA,NE,0,0,0.0,3,46,0.2,5.8
12,,Noah Brown,WAS,DAL,0,0,0.0,4,45,0.2,5.7
12,,Michael Pittman Jr.,IND,DET,0,0,0.0,4,45,0.2,5.7
12,,Xavier Legette,CAR,KC,0,0,0.0,3,43,0.2,5.5
12,,Alec Pierce,IND,DET,0,0,0.0,3,43,0.2,5.5
12,,Darius Slayton,NYG,TB,0,0,0.0,3,42,0.2,5.4
12,,Jalen McMillan,TB,@NYG,0,0,0.0,3,38,0.2,5.0
13,,Nico Collins,HOU,@JAC,0,0,0.0,6,84,0.7,12.6
13,,Amon-Ra St. Brown,DET,CHI,0,0,0.0,7,83,0.7,12.5
13,,Ja'Marr Chase,CIN,PIT,0,0,0.0,7,88,0.6,12.4
13,,Justin Jefferson,MIN,ARI,0,0,0.0,6,84,0.6,12.0
13,,A.J. Brown,PHI,@BAL,0,0,0.0,7,89,0.5,11.9
13,,Puka Nacua,LAR,@NO,0,0,0.0,6,83,0.6,11.9
13,,Tee Higgins,CIN,PIT,0,0,0.0,6,80,0.5,11.0
13,,Mike Evans,TB,@CAR,0,0,0.0,5,78,0.5,10.8
13,,Cooper Kupp,LAR,@NO,0,0,0.0,6,78,0.5,10.8
13,,Zay Flowers,BAL,PHI,1,6,0.0,6,74,0.4,10.4
13,,Courtland Sutton,DEN,CLE,0,0,0.0,6,73,0.5,10.3
13,,DK Metcalf,SEA,@NYJ,0,0,0.0,5,72,0.5,10.2
13,,Tyreek Hill,MIA,@GB,0,0,0.0,5,71,0.5,10.1
13,,CeeDee Lamb,DAL,NYG,0,0,0.0,6,74,0.4,9.8
13,,Ladd McConkey,LAC,@ATL,0,0,0.0,6,74,0.4,9.8
13,,Terry McLaurin,WAS,TEN,0,0,0.0,6,73,0.4,9.7
13,,George Pickens,PIT,@CIN,0,0,0.0,5,72,0.4,9.6
13,,Malik Nabers,NYG,@DAL,0,0,0.0,5,65,0.5,9.5
13,,Drake London,ATL,LAC,0,0,0.0,6,70,0.4,9.4
13,,Jaxon Smith-Njigba,SEA,@NYJ,0,0,0.0,6,70,0.4,9.4
13,,Calvin Ridley,TEN,@WAS,0,0,0.0,6,74,0.3,9.2
13,,Jakobi Meyers,LV,@KC,0,0,0.0,6,67,0.4,9.1
13,,Khalil Shakir,BUF,SF,0,0,0.0,5,65,0.4,8.9
13,,Jameson Williams,DET,CHI,1,8,0.0,4,57,0.4,8.9
13,,Jerry Jeudy,CLE,@DEN,0,0,0.0,5,63,0.4,8.7
13,,Jayden Reed,GB,MIA,0,0,0.0,5,63,0.4,8.7
13,,Garrett Wilson,NYJ,SEA,0,0,0.0,5,68,0.3,8.6
13,,Brian Thomas Jr.,JAC,HOU,0,0,0.0,4,60,0.4,8.4
13,,Darnell Mooney,ATL,LAC,0,0,0.0,5,65,0.3,8.3
13,,D.J. Moore,CHI,@DET,0,0,0.0,5,65,0.3,8.3
13,,Davante Adams,NYJ,SEA,0,0,0.0,5,64,0.3,8.2
13,,Michael Pittman Jr.,IND,@NE,0,0,0.0,5,63,0.3,8.1
13,,Deebo Samuel,SF,@BUF,3,13,0.1,4,50,0.2,8.1
13,,Marvin Harrison Jr.,ARI,@MIN,0,0,0.0,4,60,0.3,7.8
13,,Jauan Jennings,SF,@BUF,0,0,0.0,4,60,0.3,7.8
13,,Xavier Worthy,KC,LV,2,10,0.1,3,44,0.3,7.8
13,,Amari Cooper,BUF,SF,0,0,0.0,4,53,0.4,7.7
13,,Elijah Moore,CLE,@DEN,0,0,0.0,5,53,0.4,7.7
13,,Jordan Addison,MIN,ARI,0,0,0.0,4,57,0.3,7.5
13,,Christian Watson,GB,MIA,0,0,0.0,4,54,0.3,7.2
13,,Tank Dell,HOU,@JAC,0,0,0.0,4,52,0.3,7.0
13,,Quentin Johnston,LAC,@ATL,0,0,0.0,4,52,0.3,7.0
13,,Marquez Valdes-Scantling,NO,LAR,0,0,0.0,3,52,0.3,7.0
13,,DeAndre Hopkins,KC,LV,0,0,0.0,4,51,0.3,6.9
13,,Nick Westbrook-Ikhine,TEN,@WAS,0,0,0.0,4,44,0.4,6.8
13,,Rashod Bateman,BAL,PHI,0,0,0.0,4,48,0.3,6.6
13,,Noah Brown,WAS,TEN,0,0,0.0,5,54,0.2,6.6
13,,Demario Douglas,NE,IND,0,0,0.0,5,53,0.2,6.5
13,,Xavier Legette,CAR,TB,0,0,0.0,4,52,0.2,6.4
13,,Wan'Dale Robinson,NYG,@DAL,0,0,0.0,5,50,0.2,6.2
14,,Ja'Marr Chase,CIN,@DAL,0,0,0.0,7,90,0.6,12.6
14,,Amon-Ra St. Brown,DET,GB,0,0,0.0,7,80,0.7,12.2
14,,Justin Jefferson,MIN,ATL,0,0,0.0,6,85,0.6,12.1
14,,Puka Nacua,LAR,BUF,0,0,0.0,6,82,0.6,11.8
14,,Tee Higgins,CIN,@DAL,0,0,0.0,6,83,0.5,11.3
14,,A.J. Brown,PHI,CAR,0,0,0.0,6,81,0.5,11.1
14,,Mike Evans,TB,LV,0,0,0.0,6,79,0.5,10.9
14,,Cooper Kupp,LAR,BUF,0,0,0.0,6,77,0.5,10.7
14,,CeeDee Lamb,DAL,CIN,0,0,0.0,6,75,0.5,10.5
14,,Tyreek Hill,MIA,NYJ,0,0,0.0,5,73,0.5,10.3
14,,Jakobi Meyers,LV,@TB,0,0,0.0,6,74,0.4,9.8
14,,DK Metcalf,SEA,@ARI,0,0,0.0,5,70,0.4,9.4
14,,Brian Thomas Jr.,JAC,@TEN,1,5,0.0,4,65,0.4,9.4
14,,Jerry Jeudy,CLE,@PIT,0,0,0.0,6,68,0.4,9.2
14,,Drake London,ATL,@MIN,0,0,0.0,6,68,0.4,9.2
14,,Khalil Shakir,BUF,@LAR,0,0,0.0,5,68,0.4,9.2
14,,Ladd McConkey,LAC,@KC,0,0,0.0,5,67,0.4,9.1
14,,Jaxon Smith-Njigba,SEA,@ARI,0,0,0.0,6,71,0.3,8.9
14,,Malik Nabers,NYG,NO,0,0,0.0,5,64,0.4,8.8
14,,Calvin Ridley,TEN,JAC,0,0,0.0,5,70,0.3,8.8
14,,Jameson Williams,DET,GB,1,8,0.0,4,55,0.4,8.7
14,,Jayden Reed,GB,@DET,0,0,0.0,5,60,0.4,8.4
14,,Davante Adams,NYJ,@MIA,0,0,0.0,5,65,0.3,8.3
14,,Marvin Harrison Jr.,ARI,SEA,0,0,0.0,4,58,0.4,8.2
14,,Garrett Wilson,NYJ,@MIA,0,0,0.0,5,64,0.3,8.2
14,,Jauan Jennings,SF,CHI,0,0,0.0,5,63,0.3,8.1
14,,Darnell Mooney,ATL,@MIN,0,0,0.0,5,63,0.3,8.1
14,,Xavier Worthy,KC,LAC,2,8,0.1,4,49,0.3,8.1
14,,D.J. Moore,CHI,@SF,0,0,0.0,5,61,0.3,7.9
14,,Elijah Moore,CLE,@PIT,0,0,0.0,5,55,0.4,7.9
14,,Deebo Samuel,SF,CHI,2,9,0.1,4,51,0.2,7.8
14,,DeVonta Smith,PHI,CAR,0,0,0.0,4,60,0.3,7.8
14,,Keenan Allen,CHI,@SF,0,0,0.0,5,58,0.3,7.6
14,,Christian Watson,GB,@DET,0,0,0.0,4,58,0.3,7.6
14,,Jordan Addison,MIN,ATL,0,0,0.0,4,57,0.3,7.5
14,,Amari Cooper,BUF,@LAR,0,0,0.0,4,51,0.4,7.5
14,,DeAndre Hopkins,KC,LAC,0,0,0.0,5,55,0.3,7.3
14,,Jaylen Waddle,MIA,NYJ,0,0,0.0,4,55,0.3,7.3
14,,Adam Thielen,CAR,@PHI,0,0,0.0,4,55,0.2,6.7
14,,Nick Westbrook-Ikhine,TEN,JAC,0,0,0.0,4,43,0.4,6.7
14,,Quentin Johnston,LAC,@KC,0,0,0.0,3,48,0.3,6.6
14,,Marquez Valdes-Scantling,NO,@NYG,0,0,0.0,3,46,0.3,6.4
14,,Jalen Tolbert,DAL,CIN,0,0,0.0,4,50,0.2,6.2
14,,Dontayvion Wicks,GB,@DET,0,0,0.0,4,50,0.2,6.2
14,,Parker Washington,JAC,@TEN,0,0,0.0,5,48,0.2,6.0
14,,Calvin Austin,PIT,CLE,1,7,0.0,3,38,0.2,5.7
14,,Xavier Legette,CAR,@PHI,0,0,0.0,4,44,0.2,5.6
14,,Josh Palmer,LAC,@KC,0,0,0.0,3,42,0.2,5.4
14,,Rome Odunze,CHI,@SF,0,0,0.0,3,41,0.2,5.3
14,,Demarcus Robinson,LAR,BUF,0,0,0.0,3,34,0.3,5.2
15,,Ja'Marr Chase,CIN,@TEN,0,0,0.0,7,93,0.7,13.5
15,,Nico Collins,HOU,MIA,0,0,0.0,7,95,0.5,12.5
15,,Amon-Ra St. Brown,DET,BUF,0,0,0.0,7,82,0.7,12.4
15,,Justin Jefferson,MIN,CHI,0,0,0.0,6,86,0.6,12.2
15,,Puka Nacua,LAR,@SF,0,0,0.0,6,85,0.6,12.1
15,,Tyreek Hill,MIA,@HOU,0,0,0.0,6,79,0.6,11.5
15,,Tee Higgins,CIN,@TEN,0,0,0.0,6,77,0.6,11.3
15,,Mike Evans,TB,@LAC,0,0,0.0,5,77,0.5,10.7
15,,CeeDee Lamb,DAL,@CAR,0,0,0.0,6,77,0.5,10.7
15,,Terry McLaurin,WAS,@NO,0,0,0.0,6,76,0.5,10.6
15,,Jerry Jeudy,CLE,KC,0,0,0.0,6,75,0.5,10.5
15,,Jauan Jennings,SF,LAR,0,0,0.0,5,73,0.5,10.3
15,,Cooper Kupp,LAR,@SF,0,0,0.0,6,71,0.5,10.1
15,,Courtland Sutton,DEN,IND,0,0,0.0,6,77,0.4,10.1
15,,A.J. Brown,PHI,PIT,0,0,0.0,5,70,0.5,10.0
15,,Davante Adams,NYJ,@JAC,0,0,0.0,6,75,0.4,9.9
15,,Brian Thomas Jr.,JAC,NYJ,1,5,0.0,5,70,0.4,9.9
15,,Jakobi Meyers,LV,ATL,0,0,0.0,6,73,0.4,9.7
15,,Jaxon Smith-Njigba,SEA,GB,0,0,0.0,6,73,0.4,9.7
15,,Garrett Wilson,NYJ,@JAC,0,0,0.0,6,72,0.4,9.6
15,,Drake London,ATL,@LV,0,0,0.0,6,70,0.4,9.4
15,,Zay Flowers,BAL,@NYG,0,0,0.0,6,68,0.4,9.2
15,,Malik Nabers,NYG,BAL,0,0,0.0,5,68,0.4,9.2
15,,Khalil Shakir,BUF,@DET,0,0,0.0,5,68,0.4,9.2
15,,Jameson Williams,DET,BUF,1,8,0.0,4,60,0.4,9.2
15,,Adam Thielen,CAR,DAL,0,0,0.0,6,72,0.3,9.0
15,,Ladd McConkey,LAC,TB,0,0,0.0,5,65,0.4,8.9
15,,Jordan Addison,MIN,CHI,0,0,0.0,5,64,0.4,8.8
15,,Amari Cooper,BUF,@DET,0,0,0.0,5,64,0.4,8.8
15,,Christian Watson,GB,@SEA,0,0,0.0,4,63,0.4,8.7
15,,Marvin Harrison Jr.,ARI,NE,0,0,0.0,4,61,0.4,8.5
15,,Darnell Mooney,ATL,@LV,0,0,0.0,5,66,0.3,8.4
15,,Calvin Ridley,TEN,CIN,0,0,0.0,5,66,0.3,8.4
15,,Xavier Worthy,KC,@CLE,2,8,0.1,4,52,0.3,8.4
15,,D.J. Moore,CHI,@MIN,0,0,0.0,5,65,0.3,8.3
15,,DK Metcalf,SEA,GB,0,0,0.0,5,64,0.3,8.2
15,,DeVonta Smith,PHI,PIT,0,0,0.0,5,63,0.3,8.1
15,,Jaylen Waddle,MIA,@HOU,0,0,0.0,5,63,0.3,8.1
15,,DeAndre Hopkins,KC,@CLE,0,0,0.0,5,61,0.3,7.9
15,,Elijah Moore,CLE,KC,0,0,0.0,5,54,0.4,7.8
15,,Keenan Allen,CHI,@MIN,0,0,0.0,4,55,0.3,7.3
15,,Michael Pittman Jr.,IND,@DEN,0,0,0.0,4,51,0.3,6.9
15,,Nick Westbrook-Ikhine,TEN,CIN,0,0,0.0,4,45,0.4,6.9
15,,Quentin Johnston,LAC,TB,0,0,0.0,3,50,0.3,6.8
15,,Josh Downs,IND,@DEN,0,0,0.0,4,48,0.3,6.6
15,,Deebo Samuel,SF,LAR,2,8,0.0,3,46,0.2,6.6
15,,Marquez Valdes-Scantling,NO,WAS,0,0,0.0,3,48,0.3,6.6
15,,Josh Palmer,LAC,TB,0,0,0.0,4,46,0.3,6.4
15,,Jayden Reed,GB,@SEA,0,0,0.0,4,44,0.3,6.2
15,,Xavier Legette,CAR,DAL,0,0,0.0,4,44,0.2,5.6
16,,Ja'Marr Chase,CIN,CLE,0,0,0.0,7,90,0.8,13.8
16,,Amon-Ra St. Brown,DET,@CHI,0,0,0.0,8,87,0.7,12.9
16,,Puka Nacua,LAR,@NYJ,0,0,0.0,6,87,0.6,12.3
16,,Justin Jefferson,MIN,@SEA,0,0,0.0,6,85,0.6,12.1
16,,Mike Evans,TB,@DAL,0,0,0.0,6,84,0.6,12.0
16,,Tyreek Hill,MIA,SF,0,0,0.0,6,78,0.6,11.4
16,,Tee Higgins,CIN,CLE,0,0,0.0,6,75,0.6,11.1
16,,CeeDee Lamb,DAL,TB,0,0,0.0,7,80,0.5,11.0
16,,Brian Thomas Jr.,JAC,@LV,1,5,0.0,5,75,0.5,11.0
16,,Davante Adams,NYJ,LAR,0,0,0.0,6,78,0.5,10.8
16,,A.J. Brown,PHI,@WAS,0,0,0.0,6,75,0.5,10.5
16,,Nico Collins,HOU,@KC,0,0,0.0,5,75,0.5,10.5
16,,Jauan Jennings,SF,@MIA,0,0,0.0,5,74,0.4,9.8
16,,Jaxon Smith-Njigba,SEA,MIN,0,0,0.0,6,74,0.4,9.8
16,,Courtland Sutton,DEN,@LAC,0,0,0.0,5,71,0.4,9.5
16,,Garrett Wilson,NYJ,LAR,0,0,0.0,6,71,0.4,9.5
16,,Cooper Kupp,LAR,@NYJ,0,0,0.0,6,70,0.4,9.4
16,,Terry McLaurin,WAS,PHI,0,0,0.0,5,70,0.4,9.4
16,,Malik Nabers,NYG,@ATL,0,0,0.0,5,70,0.4,9.4
16,,Ladd McConkey,LAC,DEN,0,0,0.0,5,68,0.4,9.2
16,,Zay Flowers,BAL,PIT,0,0,0.0,6,67,0.4,9.1
16,,Drake London,ATL,NYG,0,0,0.0,6,67,0.4,9.1
16,,Khalil Shakir,BUF,NE,0,0,0.0,5,67,0.4,9.1
16,,Jameson Williams,DET,@CHI,1,8,0.0,4,59,0.4,9.1
16,,Jordan Addison,MIN,@SEA,0,0,0.0,5,65,0.4,8.9
16,,Amari Cooper,BUF,NE,0,0,0.0,5,63,0.4,8.7
16,,Jakobi Meyers,LV,JAC,0,0,0.0,6,68,0.3,8.6
16,,DeVonta Smith,PHI,@WAS,0,0,0.0,5,68,0.3,8.6
16,,Xavier Worthy,KC,HOU,2,8,0.1,4,52,0.3,8.4
16,,Marvin Harrison Jr.,ARI,@CAR,0,0,0.0,4,59,0.4,8.3
16,,Calvin Ridley,TEN,@IND,0,0,0.0,5,65,0.3,8.3
16,,Adam Thielen,CAR,ARI,0,0,0.0,5,65,0.3,8.3
16,,D.J. Moore,CHI,DET,0,0,0.0,5,64,0.3,8.2
16,,Jerry Jeudy,CLE,@CIN,0,0,0.0,5,62,0.3,8.0
16,,Christian Watson,GB,NO,0,0,0.0,4,55,0.4,7.9
16,,Keenan Allen,CHI,DET,0,0,0.0,5,58,0.3,7.6
16,,Darnell Mooney,ATL,NYG,0,0,0.0,4,57,0.3,7.5
16,,Quentin Johnston,LAC,DEN,0,0,0.0,4,55,0.3,7.3
16,,Jalen McMillan,TB,@DAL,0,0,0.0,4,55,0.3,7.3
16,,DK Metcalf,SEA,MIN,0,0,0.0,4,54,0.3,7.2
16,,DeAndre Hopkins,KC,HOU,0,0,0.0,4,53,0.3,7.1
16,,Michael Pittman Jr.,IND,TEN,0,0,0.0,4,52,0.3,7.0
16,,Marquez Valdes-Scantling,NO,@GB,0,0,0.0,3,52,0.3,7.0
16,,Jayden Reed,GB,NO,1,6,0.0,4,45,0.3,6.9
16,,Josh Downs,IND,TEN,0,0,0.0,4,46,0.3,6.4
16,,Jalen Coker,CAR,ARI,0,0,0.0,4,45,0.3,6.3
16,,Rashod Bateman,BAL,PIT,0,0,0.0,4,44,0.3,6.2
16,,Deebo Samuel,SF,@MIA,2,9,0.0,3,41,0.2,6.2
16,,Calvin Austin,PIT,@BAL,1,7,0.0,3,42,0.2,6.1
16,,Demarcus Robinson,LAR,@NYJ,0,0,0.0,3,40,0.3,5.8
17,,Ja'Marr Chase,CIN,DEN,0,0,0.0,7,91,0.8,13.9
17,,Justin Jefferson,MIN,GB,0,0,0.0,6,89,0.7,13.1
17,,Amon-Ra St. Brown,DET,@SF,0,0,0.0,7,85,0.7,12.7
17,,Brian Thomas Jr.,JAC,TEN,1,5,0.0,6,84,0.6,12.5
17,,Mike Evans,TB,CAR,0,0,0.0,6,80,0.6,11.6
17,,Nico Collins,HOU,BAL,0,0,0.0,6,80,0.5,11.0
17,,Puka Nacua,LAR,ARI,0,0,0.0,6,80,0.5,11.0
17,,Tee Higgins,CIN,DEN,0,0,0.0,5,72,0.6,10.8
17,,Deebo Samuel,SF,DET,4,18,0.1,4,58,0.4,10.6
17,,Davante Adams,NYJ,@BUF,0,0,0.0,6,75,0.5,10.5
17,,George Pickens,PIT,KC,0,0,0.0,5,75,0.5,10.5
17,,Terry McLaurin,WAS,ATL,0,0,0.0,5,68,0.6,10.4
17,,Courtland Sutton,DEN,@CIN,0,0,0.0,6,74,0.5,10.4
17,,A.J. Brown,PHI,DAL,0,0,0.0,5,70,0.5,10.0
17,,Zay Flowers,BAL,@HOU,0,0,0.0,6,70,0.5,10.0
17,,Jaxon Smith-Njigba,SEA,@CHI,0,0,0.0,6,75,0.4,9.9
17,,Ladd McConkey,LAC,@NE,0,0,0.0,6,74,0.4,9.8
17,,Jameson Williams,DET,@SF,1,8,0.0,4,63,0.4,9.5
17,,Jauan Jennings,SF,DET,0,0,0.0,5,70,0.4,9.4
17,,Adam Thielen,CAR,@TB,0,0,0.0,5,68,0.4,9.2
17,,Malik Nabers,NYG,IND,0,0,0.0,5,66,0.4,9.0
17,,Xavier Worthy,KC,@PIT,2,8,0.1,4,58,0.3,9.0
17,,Drake London,ATL,@WAS,0,0,0.0,6,65,0.4,8.9
17,,Calvin Ridley,TEN,@JAC,0,0,0.0,5,65,0.4,8.9
17,,Jordan Addison,MIN,GB,0,0,0.0,5,63,0.4,8.7
17,,Marvin Harrison Jr.,ARI,@LAR,0,0,0.0,5,63,0.4,8.7
17,,Josh Downs,IND,@NYG,0,0,0.0,6,67,0.3,8.5
17,,Khalil Shakir,BUF,NYJ,0,0,0.0,5,60,0.4,8.4
17,,Jakobi Meyers,LV,@NO,0,0,0.0,6,65,0.3,8.3
17,,D.J. Moore,CHI,SEA,0,0,0.0,5,65,0.3,8.3
17,,Keenan Allen,CHI,SEA,0,0,0.0,5,64,0.3,8.2
17,,Jayden Reed,GB,@MIN,1,7,0.0,5,57,0.3,8.2
17,,Darnell Mooney,ATL,@WAS,0,0,0.0,5,63,0.3,8.1
17,,Jalen McMillan,TB,CAR,0,0,0.0,5,62,0.3,8.0
17,,Garrett Wilson,NYJ,@BUF,0,0,0.0,5,61,0.3,7.9
17,,Cooper Kupp,LAR,ARI,0,0,0.0,5,60,0.3,7.8
17,,DeVonta Smith,PHI,DAL,0,0,0.0,4,60,0.3,7.8
17,,Michael Pittman Jr.,IND,@NYG,0,0,0.0,5,59,0.3,7.7
17,,Quentin Johnston,LAC,@NE,0,0,0.0,4,55,0.3,7.3
17,,DK Metcalf,SEA,@CHI,0,0,0.0,4,55,0.3,7.3
17,,Romeo Doubs,GB,@MIN,0,0,0.0,5,54,0.3,7.2
17,,Dontayvion Wicks,GB,@MIN,0,0,0.0,4,53,0.3,7.1
17,,Amari Cooper,BUF,NYJ,0,0,0.0,4,52,0.3,7.0
17,,Tyreek Hill,MIA,@CLE,0,0,0.0,4,52,0.3,7.0
17,,Jerry Jeudy,CLE,MIA,0,0,0.0,4,52,0.3,7.0
17,,Calvin Austin,PIT,KC,2,11,0.0,4,45,0.2,6.8
17,,DeAndre Hopkins,KC,@PIT,0,0,0.0,4,50,0.3,6.8
17,,Marquez Valdes-Scantling,NO,LV,0,0,0.0,3,50,0.3,6.8
17,,Jalen Coker,CAR,@TB,0,0,0.0,4,46,0.3,6.4
17,,Wan'Dale Robinson,NYG,IND,0,0,0.0,5,50,0.2,6.2
