Week,Chg,Player,Team,Opp,Att_Predicted,Yard,TD_Predicted,Rec_Predicted,Yard.1,TD.1_Predicted,FPts,Game,Pts*,Att_Actual,Cmp,Yds,TD_Actual,Int,2Pt,Att.1,Yds.1,TD.1_Actual,2Pt.1,Rec_Actual,Yds.2,TD.2,2Pt.2,FL,TD.3,Net_score
1,,Tyreek Hill,MIA,JAC,0,0,0.0,7,98,0.8,14.6,JAX@MIA,19.0,0,0,0,0,0,0,0,0,0,0,7,130,1,0,0,0,4.4
1,,Justin Jefferson,MIN,@NYG,0,0,0.0,7,92,0.6,12.8,MIN@NYG,11.0,0,0,0,0,0,0,0,0,0,0,4,59,1,0,0,0,-1.8000000000000007
1,,CeeDee Lamb,DAL,@CLE,0,0,0.0,7,90,0.6,12.6,DAL@CLE,8.0,0,0,0,0,0,0,3,25,0,0,5,61,0,0,0,0,-4.6
1,,Deebo Samuel,SF,NYJ,3,11,0.2,5,70,0.5,12.3,NYJ@SF,13.0,0,0,0,0,0,0,8,23,1,0,5,54,0,0,0,0,0.6999999999999993
1,,Davante Adams,LV,@LAC,0,0,0.0,7,87,0.5,11.7,LV@LAC,5.0,0,0,0,0,0,0,0,0,0,0,5,59,0,0,0,0,-6.699999999999999
1,,Malik Nabers,NYG,MIN,0,0,0.0,7,87,0.5,11.7,MIN@NYG,6.0,0,0,0,0,0,0,0,0,0,0,5,66,0,0,0,0,-5.699999999999999
1,,Amon-Ra St. Brown,DET,LAR,0,0,0.0,7,87,0.5,11.7,LA@DET,1.0,0,0,0,0,0,0,0,0,0,0,3,13,0,0,0,0,-10.7
1,,Garrett Wilson,NYJ,@SF,0,0,0.0,6,81,0.6,11.7,NYJ@SF,6.0,0,0,0,0,0,0,0,0,0,0,6,60,0,0,0,0,-5.699999999999999
1,,A.J. Brown,PHI,GB,0,0,0.0,6,85,0.5,11.5,GB@PHI,17.0,0,0,0,0,0,0,0,0,0,0,5,119,1,0,0,0,5.5
1,,Puka Nacua,LAR,@DET,0,0,0.0,6,85,0.5,11.5,LA@DET,3.0,0,0,0,0,0,0,1,7,0,0,4,35,0,0,0,0,-8.5
1,,Chris Olave,NO,CAR,0,0,0.0,6,85,0.5,11.5,CAR@NO,1.0,0,0,0,0,0,0,0,0,0,0,2,11,0,0,0,0,-10.5
1,,Rashee Rice,KC,BAL,0,0,0.0,7,83,0.5,11.3,BAL@KC,10.0,0,0,0,0,0,0,0,0,0,0,7,103,0,0,0,0,-1.3000000000000007
1,,Ja'Marr Chase,CIN,NE,0,0,0.0,6,82,0.5,11.2,NE@CIN,6.0,0,0,0,0,0,0,0,0,0,0,6,62,0,0,0,0,-5.199999999999999
1,,Mike Evans,TB,WAS,0,0,0.0,5,77,0.5,10.7,WAS@TB,18.0,0,0,0,0,0,0,0,0,0,0,5,61,2,0,0,0,7.300000000000001
1,,Nico Collins,HOU,@IND,0,0,0.0,5,75,0.5,10.5,HOU@IND,11.0,0,0,0,0,0,0,0,0,0,0,6,117,0,0,0,0,0.5
1,,Cooper Kupp,LAR,@DET,0,0,0.0,6,80,0.4,10.4,LA@DET,18.0,0,0,0,0,0,0,2,10,0,0,14,110,1,0,0,0,7.6
1,,Drake London,ATL,PIT,0,0,0.0,6,74,0.5,10.4,PIT@ATL,1.0,0,0,0,0,0,0,0,0,0,0,2,15,0,0,0,0,-9.4
1,,DeVonta Smith,PHI,GB,0,0,0.0,5,74,0.5,10.4,GB@PHI,8.0,0,0,0,0,0,0,0,0,0,0,7,84,0,0,0,0,-2.4000000000000004
1,,Jaylen Waddle,MIA,JAC,0,0,0.0,6,76,0.4,10.0,JAX@MIA,10.0,0,0,0,0,0,0,1,3,0,0,5,109,0,0,0,0,0.0
1,,Amari Cooper,CLE,DAL,0,0,0.0,5,73,0.4,9.7,DAL@CLE,1.0,0,0,0,0,0,0,0,0,0,0,2,16,0,0,0,0,-8.7
1,,Zay Flowers,BAL,@KC,0,0,0.0,6,73,0.4,9.7,BAL@KC,4.0,0,0,0,0,0,0,2,14,0,0,6,37,0,0,0,0,-5.699999999999999
1,,Christian Kirk,JAC,@MIA,0,0,0.0,5,73,0.4,9.7,JAX@MIA,3.0,0,0,0,0,0,0,0,0,0,0,1,30,0,0,0,0,-6.699999999999999
1,,D.J. Moore,CHI,TEN,0,0,0.0,6,73,0.4,9.7,TEN@CHI,4.0,0,0,0,0,0,0,1,14,0,0,5,36,0,0,0,0,-5.699999999999999
1,,Calvin Ridley,TEN,@CHI,0,0,0.0,5,67,0.5,9.7,TEN@CHI,5.0,0,0,0,0,0,0,0,0,0,0,3,50,0,0,0,0,-4.699999999999999
1,,Chris Godwin,TB,WAS,0,0,0.0,6,71,0.4,9.5,WAS@TB,14.0,0,0,0,0,0,0,0,0,0,0,8,83,1,0,0,0,4.5
1,,Stefon Diggs,HOU,@IND,0,0,0.0,5,68,0.4,9.2,HOU@IND,15.0,0,0,0,0,0,0,1,6,0,0,6,33,2,0,0,0,5.800000000000001
1,,Terry McLaurin,WAS,@TB,0,0,0.0,6,73,0.3,9.1,WAS@TB,1.0,0,0,0,0,0,0,0,0,0,0,2,17,0,0,0,0,-8.1
1,,Brandon Aiyuk,SF,NYJ,0,0,0.0,5,66,0.4,9.0,NYJ@SF,2.0,0,0,0,0,0,0,0,0,0,0,2,28,0,0,0,0,-7.0
1,,George Pickens,PIT,@ATL,0,0,0.0,5,66,0.4,9.0,PIT@ATL,8.0,0,0,0,0,0,0,1,-10,0,0,6,85,0,0,0,0,-1.0
1,,Josh Palmer,LAC,LV,0,0,0.0,5,70,0.3,8.8,LV@LAC,1.0,0,0,0,0,0,0,0,0,0,0,2,15,0,0,0,0,-7.800000000000001
1,,Courtland Sutton,DEN,@SEA,0,0,0.0,5,64,0.4,8.8,DEN@SEA,3.0,0,0,0,0,0,0,0,0,0,0,4,38,0,0,0,0,-5.800000000000001
1,,DeAndre Hopkins,TEN,@CHI,0,0,0.0,5,63,0.4,8.7,TEN@CHI,0.0,0,0,0,0,0,0,0,0,0,0,1,8,0,0,0,0,-8.7
1,,Diontae Johnson,CAR,@NO,0,0,0.0,5,68,0.3,8.6,CAR@NO,1.0,0,0,0,0,0,0,0,0,0,0,2,19,0,0,0,0,-7.6
1,,Jaxon Smith-Njigba,SEA,DEN,0,0,0.0,5,64,0.3,8.2,DEN@SEA,1.0,0,0,0,0,0,0,0,0,0,0,2,19,0,0,0,0,-7.199999999999999
1,,Christian Watson,GB,@PHI,0,0,0.0,4,63,0.3,8.1,GB@PHI,7.0,0,0,0,0,0,0,0,0,0,0,3,13,1,0,0,0,-1.0999999999999996
1,,Xavier Worthy,KC,BAL,0,0,0.0,4,57,0.4,8.1,BAL@KC,18.0,0,0,0,0,0,0,1,21,1,0,2,47,1,0,0,0,9.9
1,,Khalil Shakir,BUF,ARI,0,0,0.0,5,62,0.3,8.0,ARI@BUF,10.0,0,0,0,0,0,0,0,0,0,0,3,42,1,0,0,0,2.0
1,,Ladd McConkey,LAC,LV,0,0,0.0,5,60,0.3,7.8,LV@LAC,9.0,0,0,0,0,0,0,0,0,0,0,5,39,1,0,0,0,1.2000000000000002
1,,Jordan Addison,MIN,@NYG,0,0,0.0,5,58,0.3,7.6,MIN@NYG,3.0,0,0,0,0,0,0,0,0,0,0,3,35,0,0,0,0,-4.6
1,,Jayden Reed,GB,@PHI,0,0,0.0,4,55,0.3,7.3,GB@PHI,28.0,0,0,0,0,0,0,1,33,1,0,4,138,1,0,0,0,20.7
1,,Brandin Cooks,DAL,@CLE,0,0,0.0,4,53,0.3,7.1,DAL@CLE,10.0,0,0,0,0,0,0,1,5,0,0,4,40,1,0,0,0,2.9000000000000004
1,,Demario Douglas,NE,@CIN,0,0,0.0,5,53,0.3,7.1,NE@CIN,1.0,0,0,0,0,0,0,0,0,0,0,2,12,0,0,0,0,-6.1
1,,Keenan Allen,CHI,TEN,0,0,0.0,4,52,0.3,7.0,TEN@CHI,2.0,0,0,0,0,0,0,0,0,0,0,4,29,0,0,0,0,-5.0
1,,Rome Odunze,CHI,TEN,0,0,0.0,4,52,0.3,7.0,TEN@CHI,1.0,0,0,0,0,0,0,0,0,0,0,1,11,0,0,0,0,-6.0
1,,Jameson Williams,DET,LAR,2,8,0.0,3,44,0.3,7.0,LA@DET,19.0,0,0,0,0,0,0,1,13,0,0,5,121,1,0,0,0,12.0
2,,Tyreek Hill,MIA,BUF,0,0,0.0,7,96,0.8,14.4,BUF@MIA,3.0,0,0,0,0,0,0,1,12,0,0,3,24,0,0,0,0,-11.4
2,,Cooper Kupp,LAR,@ARI,0,0,0.0,7,95,0.7,13.7,LA@ARI,3.0,0,0,0,0,0,0,0,0,0,0,4,37,0,0,0,0,-10.7
2,,Deebo Samuel,SF,@MIN,6,25,0.2,5,68,0.5,13.5,SF@MIN,11.0,0,0,0,0,0,0,2,-10,0,0,8,110,0,0,0,0,-2.5
2,,CeeDee Lamb,DAL,NO,0,0,0.0,7,91,0.7,13.3,NO@DAL,15.0,0,0,0,0,0,0,0,0,0,0,4,90,1,0,0,0,1.6999999999999993
2,,Justin Jefferson,MIN,SF,0,0,0.0,6,82,0.6,11.8,SF@MIN,19.0,0,0,0,0,0,0,0,0,0,0,4,133,1,0,0,0,7.199999999999999
2,,Rashee Rice,KC,CIN,0,0,0.0,7,87,0.5,11.7,CIN@KC,13.0,0,0,0,0,0,0,0,0,0,0,5,75,1,0,0,0,1.3000000000000007
2,,DeVonta Smith,PHI,ATL,0,0,0.0,6,87,0.5,11.7,ATL@PHI,13.0,0,0,0,0,0,0,0,0,0,0,7,76,1,0,0,0,1.3000000000000007
2,,Amon-Ra St. Brown,DET,TB,0,0,0.0,7,84,0.5,11.4,TB@DET,11.0,0,0,0,0,0,0,0,0,0,0,11,119,0,0,0,0,-0.40000000000000036
2,,Garrett Wilson,NYJ,@TEN,0,0,0.0,6,78,0.6,11.4,NYJ@TEN,5.0,0,0,0,0,0,0,1,5,0,0,4,57,0,0,0,0,-6.4
2,,Mike Evans,TB,@DET,0,0,0.0,5,77,0.6,11.3,TB@DET,4.0,0,0,0,0,0,0,0,0,0,0,3,42,0,0,0,0,-7.300000000000001
2,,Ja'Marr Chase,CIN,@KC,0,0,0.0,6,80,0.5,11.0,CIN@KC,3.0,0,0,0,0,0,0,0,0,0,0,4,35,0,0,0,0,-8.0
2,,Nico Collins,HOU,CHI,0,0,0.0,6,78,0.5,10.8,CHI@HOU,19.0,0,0,0,0,0,0,0,0,0,0,8,135,1,0,0,0,8.2
2,,Malik Nabers,NYG,@WAS,0,0,0.0,6,77,0.5,10.7,NYG@WAS,18.0,0,0,0,0,0,0,0,0,0,0,10,127,1,0,0,0,7.300000000000001
2,,Davante Adams,LV,@BAL,0,0,0.0,6,74,0.5,10.4,LV@BAL,17.0,0,0,0,0,0,0,0,0,0,0,9,110,1,0,0,0,6.6
2,,Chris Olave,NO,@DAL,0,0,0.0,6,73,0.5,10.3,NO@DAL,8.0,0,0,0,0,0,0,1,7,0,0,4,81,0,0,0,0,-2.3000000000000007
2,,Chris Godwin,TB,@DET,0,0,0.0,6,71,0.5,10.1,TB@DET,17.0,0,0,0,0,0,0,0,0,0,0,7,117,1,0,0,0,6.9
2,,Jaylen Waddle,MIA,BUF,0,0,0.0,5,75,0.4,9.9,BUF@MIA,4.0,0,0,0,0,0,0,1,4,0,0,4,41,0,0,0,0,-5.9
2,,Jameson Williams,DET,TB,1,8,0.0,4,60,0.5,9.8,TB@DET,8.0,0,0,0,0,0,0,1,15,0,0,5,79,0,0,0,0,-1.8000000000000007
2,,Drake London,ATL,@PHI,0,0,0.0,5,65,0.5,9.5,ATL@PHI,11.0,0,0,0,0,0,0,0,0,0,0,6,54,1,0,0,0,1.5
2,,Christian Kirk,JAC,CLE,0,0,0.0,5,70,0.4,9.4,CLE@JAX,0.0,0,0,0,0,0,0,0,0,0,0,1,-1,0,0,0,0,-9.4
2,,Stefon Diggs,HOU,CHI,0,0,0.0,5,68,0.4,9.2,CHI@HOU,3.0,0,0,0,0,0,0,0,0,0,0,4,37,0,0,0,0,-6.199999999999999
2,,George Pickens,PIT,@DEN,0,0,0.0,5,68,0.4,9.2,PIT@DEN,2.0,0,0,0,0,0,0,0,0,0,0,2,29,0,0,0,0,-7.199999999999999
2,,Zay Flowers,BAL,LV,0,0,0.0,5,67,0.4,9.1,LV@BAL,15.0,0,0,0,0,0,0,0,0,0,0,7,91,1,0,0,0,5.9
2,,Xavier Worthy,KC,CIN,3,11,0.0,4,55,0.4,9.0,CIN@KC,1.0,0,0,0,0,0,0,1,5,0,0,2,17,0,0,0,0,-8.0
2,,Brandon Aiyuk,SF,@MIN,0,0,0.0,4,65,0.4,8.9,SF@MIN,4.0,0,0,0,0,0,0,0,0,0,0,4,43,0,0,0,0,-4.9
2,,Amari Cooper,CLE,@JAC,0,0,0.0,5,65,0.4,8.9,CLE@JAX,1.0,0,0,0,0,0,0,0,0,0,0,3,11,0,0,0,0,-7.9
2,,D.J. Moore,CHI,@HOU,0,0,0.0,5,63,0.4,8.7,CHI@HOU,5.0,0,0,0,0,0,0,0,0,0,0,6,53,0,0,0,0,-3.6999999999999993
2,,Calvin Ridley,TEN,NYJ,0,0,0.0,5,60,0.4,8.4,NYJ@TEN,20.0,0,0,0,0,0,0,1,10,1,0,4,77,1,0,0,0,11.6
2,,Ladd McConkey,LAC,@CAR,0,0,0.0,5,64,0.3,8.2,LAC@CAR,2.0,0,0,0,0,0,0,0,0,0,0,2,26,0,0,0,0,-6.199999999999999
2,,Terry McLaurin,WAS,NYG,0,0,0.0,5,63,0.3,8.1,NYG@WAS,2.0,0,0,0,0,0,0,0,0,0,0,6,22,0,0,0,0,-6.1
2,,Josh Palmer,LAC,@CAR,0,0,0.0,5,60,0.3,7.8,LAC@CAR,1.0,0,0,0,0,0,0,0,0,0,0,2,19,0,0,0,0,-6.8
2,,Rashid Shaheed,NO,@DAL,0,0,0.0,4,59,0.3,7.7,NO@DAL,16.0,0,0,0,0,0,0,3,13,0,0,4,96,1,0,0,0,8.3
2,,Jaxon Smith-Njigba,SEA,@NE,0,0,0.0,5,59,0.3,7.7,SEA@NE,11.0,0,0,0,0,0,0,0,0,0,0,12,117,0,0,0,0,3.3
2,,Diontae Johnson,CAR,LAC,0,0,0.0,4,58,0.3,7.6,LAC@CAR,1.0,0,0,0,0,0,0,0,0,0,0,3,15,0,0,0,0,-6.6
2,,Tyler Lockett,SEA,@NE,0,0,0.0,5,58,0.3,7.6,SEA@NE,1.0,0,0,0,0,0,0,0,0,0,0,2,15,0,0,0,0,-6.6
2,,Brandin Cooks,DAL,NO,0,0,0.0,4,55,0.3,7.3,NO@DAL,1.0,0,0,0,0,0,0,1,-3,0,0,2,19,0,0,0,0,-6.3
2,,Courtland Sutton,DEN,PIT,0,0,0.0,4,55,0.3,7.3,PIT@DEN,2.0,0,0,0,0,0,0,0,0,0,0,1,26,0,0,0,0,-5.3
2,,Demarcus Robinson,LAR,@ARI,0,0,0.0,4,53,0.3,7.1,LA@ARI,5.0,0,0,0,0,0,0,0,0,0,0,2,50,0,0,0,0,-2.0999999999999996
2,,Jayden Reed,GB,IND,0,0,0.0,4,51,0.3,6.9,IND@GB,3.0,0,0,0,0,0,0,2,37,0,0,2,9,0,0,0,0,-3.9000000000000004
2,,Khalil Shakir,BUF,@MIA,0,0,0.0,4,51,0.3,6.9,BUF@MIA,5.0,0,0,0,0,0,0,1,2,0,0,5,54,0,0,0,0,-1.9000000000000004
2,,Adonai Mitchell,IND,@GB,0,0,0.0,4,50,0.3,6.8,IND@GB,3.0,0,0,0,0,0,0,0,0,0,0,1,30,0,0,0,0,-3.8
2,,Rome Odunze,CHI,@HOU,0,0,0.0,3,48,0.3,6.6,CHI@HOU,3.0,0,0,0,0,0,0,0,0,0,0,2,33,0,0,0,0,-3.5999999999999996
2,,Wan'Dale Robinson,NYG,@WAS,0,0,0.0,4,54,0.2,6.6,NYG@WAS,7.0,0,0,0,0,0,0,0,0,0,0,2,18,1,0,0,0,0.40000000000000036
3,,Ja'Marr Chase,CIN,WAS,0,0,0.0,7,88,0.7,13.0,WAS@CIN,23.0,0,0,0,0,0,0,0,0,0,0,6,118,2,0,0,0,10.0
3,,Justin Jefferson,MIN,HOU,0,0,0.0,6,85,0.7,12.7,HOU@MIN,14.0,0,0,0,0,0,0,0,0,0,0,6,81,1,0,0,0,1.3000000000000007
3,,Nico Collins,HOU,@MIN,0,0,0.0,6,88,0.6,12.4,HOU@MIN,8.0,0,0,0,0,0,0,0,0,0,0,4,86,0,0,0,0,-4.4
3,,CeeDee Lamb,DAL,BAL,0,0,0.0,6,84,0.6,12.0,BAL@DAL,5.0,0,0,0,0,0,0,0,0,0,0,4,67,0,0,1,0,-7.0
3,,DeVonta Smith,PHI,@NO,0,0,0.0,6,83,0.6,11.9,PHI@NO,7.0,0,0,0,0,0,0,0,0,0,0,7,79,0,0,0,0,-4.9
3,,Amon-Ra St. Brown,DET,@ARI,0,0,0.0,7,87,0.5,11.7,DET@ARI,13.0,0,0,0,0,0,0,0,0,0,0,7,75,1,0,0,0,1.3000000000000007
3,,Rashee Rice,KC,@ATL,0,0,0.0,7,85,0.5,11.5,KC@ATL,17.0,0,0,0,0,0,0,1,1,0,0,12,110,1,0,0,0,5.5
3,,Davante Adams,LV,CAR,0,0,0.0,6,80,0.5,11.0,CAR@LV,4.0,0,0,0,0,0,0,0,0,0,0,4,40,0,0,0,0,-7.0
3,,Garrett Wilson,NYJ,NE,0,0,0.0,6,72,0.6,10.8,NE@NYJ,9.0,0,0,0,0,0,0,0,0,0,0,5,33,1,0,0,0,-1.8000000000000007
3,,Brandon Aiyuk,SF,@LAR,0,0,0.0,6,77,0.5,10.7,SF@LA,4.0,0,0,0,0,0,0,0,0,0,0,5,48,0,0,0,0,-6.699999999999999
3,,Mike Evans,TB,DEN,0,0,0.0,5,70,0.6,10.6,DEN@TB,1.0,0,0,0,0,0,0,0,0,0,0,2,17,0,0,0,0,-9.6
3,,Chris Godwin,TB,DEN,0,0,0.0,7,75,0.5,10.5,DEN@TB,11.0,0,0,0,0,0,0,0,0,0,0,6,53,1,0,0,0,0.5
3,,Tyreek Hill,MIA,@SEA,0,0,0.0,5,75,0.5,10.5,MIA@SEA,4.0,0,0,0,0,0,0,0,0,0,0,3,40,0,0,0,0,-6.5
3,,Chris Olave,NO,PHI,0,0,0.0,6,75,0.5,10.5,PHI@NO,14.0,0,0,0,0,0,0,0,0,0,0,6,86,1,0,0,0,3.5
3,,Malik Nabers,NYG,@CLE,0,0,0.0,5,73,0.5,10.3,NYG@CLE,19.0,1,0,0,0,0,0,2,4,0,0,8,78,2,0,0,0,8.7
3,,Jameson Williams,DET,@ARI,1,8,0.0,4,65,0.5,10.3,DET@ARI,0.0,0,0,0,0,0,0,1,-7,0,0,1,9,0,0,0,0,-10.3
3,,Zay Flowers,BAL,@DAL,0,0,0.0,6,70,0.4,9.4,BAL@DAL,2.0,0,0,0,0,0,0,1,3,0,0,3,20,0,0,0,0,-7.4
3,,Stefon Diggs,HOU,@MIN,0,0,0.0,5,62,0.5,9.2,HOU@MIN,9.0,1,1,13,0,0,0,0,0,0,0,10,94,0,0,0,0,-0.1999999999999993
3,,George Pickens,PIT,LAC,0,0,0.0,5,68,0.4,9.2,LAC@PIT,5.0,0,0,0,0,0,0,0,0,0,0,5,57,0,0,0,0,-4.199999999999999
3,,D.J. Moore,CHI,@IND,0,0,0.0,5,66,0.4,9.0,CHI@IND,7.0,0,0,0,0,0,0,1,-6,0,0,8,78,0,0,0,0,-2.0
3,,Calvin Ridley,TEN,GB,0,0,0.0,5,65,0.4,8.9,GB@TEN,0.0,0,0,0,0,0,0,0,0,0,0,1,9,0,0,0,0,-8.9
3,,Xavier Worthy,KC,@ATL,2,10,0.0,4,55,0.4,8.9,KC@ATL,2.0,0,0,0,0,0,0,3,13,0,0,2,17,0,0,0,0,-6.9
3,,Jaxon Smith-Njigba,SEA,MIA,0,0,0.0,5,68,0.3,8.6,MIA@SEA,3.0,0,0,0,0,0,0,0,0,0,0,3,39,0,0,0,0,-5.6
3,,Demarcus Robinson,LAR,SF,0,0,0.0,5,63,0.3,8.1,SF@LA,3.0,0,0,0,0,0,0,0,0,0,0,1,32,0,0,0,0,-5.1
3,,Tee Higgins,CIN,WAS,0,0,0.0,4,55,0.4,7.9,WAS@CIN,3.0,0,0,0,0,0,0,0,0,0,0,3,39,0,0,0,0,-4.9
3,,Khalil Shakir,BUF,JAC,0,0,0.0,5,60,0.3,7.8,JAX@BUF,13.0,0,0,0,0,0,0,0,0,0,0,6,72,1,0,0,0,5.2
3,,Diontae Johnson,CAR,@LV,0,0,0.0,4,58,0.3,7.6,CAR@LV,18.0,0,0,0,0,0,0,0,0,0,0,8,122,1,0,0,0,10.4
3,,Terry McLaurin,WAS,@CIN,0,0,0.0,4,57,0.3,7.5,WAS@CIN,16.0,0,0,0,0,0,0,0,0,0,0,4,100,1,0,0,0,8.5
3,,Amari Cooper,CLE,NYG,0,0,0.0,4,55,0.3,7.3,NYG@CLE,20.0,0,0,0,0,0,0,0,0,0,0,7,86,2,0,0,0,12.7
3,,Ladd McConkey,LAC,@PIT,0,0,0.0,4,54,0.3,7.2,LAC@PIT,4.0,0,0,0,0,0,0,0,0,0,0,3,44,0,0,0,0,-3.2
3,,Jaylen Waddle,MIA,@SEA,0,0,0.0,4,53,0.3,7.1,MIA@SEA,2.0,0,0,0,0,0,0,0,0,0,0,4,26,0,0,0,0,-5.1
3,,Keon Coleman,BUF,JAC,0,0,0.0,4,51,0.3,6.9,JAX@BUF,8.0,0,0,0,0,0,0,0,0,0,0,1,24,1,0,0,0,1.0999999999999996
3,,Drake London,ATL,KC,0,0,0.0,4,50,0.3,6.8,KC@ATL,12.0,0,0,0,0,0,0,0,0,0,0,6,67,1,0,0,0,5.2
3,,Courtland Sutton,DEN,@TB,0,0,0.0,4,50,0.3,6.8,DEN@TB,6.0,0,0,0,0,0,0,0,0,0,0,7,68,0,0,0,0,-0.7999999999999998
3,,Brandin Cooks,DAL,BAL,0,0,0.0,4,49,0.3,6.7,BAL@DAL,1.0,0,0,0,0,0,0,0,0,0,0,2,16,0,0,0,0,-5.7
3,,Quentin Johnston,LAC,@PIT,0,0,0.0,4,49,0.3,6.7,LAC@PIT,10.0,0,0,0,0,0,0,0,0,0,0,2,44,1,0,0,0,3.3
3,,Jayden Reed,GB,@TEN,0,0,0.0,4,46,0.3,6.4,GB@TEN,6.0,0,0,0,0,0,0,2,19,0,0,4,50,0,0,0,0,-0.40000000000000036
3,,Tyler Lockett,SEA,MIA,0,0,0.0,4,50,0.2,6.2,MIA@SEA,4.0,0,0,0,0,0,0,0,0,0,0,5,46,0,0,0,0,-2.2
3,,Rome Odunze,CHI,@IND,0,0,0.0,3,44,0.3,6.2,CHI@IND,17.0,0,0,0,0,0,0,1,2,0,0,6,112,1,0,0,0,10.8
3,,Wan'Dale Robinson,NYG,@CLE,0,0,0.0,4,50,0.2,6.2,NYG@CLE,6.0,0,0,0,0,0,0,0,0,0,0,7,61,0,0,0,0,-0.20000000000000018
3,,Jerry Jeudy,CLE,NYG,0,0,0.0,4,47,0.2,5.9,NYG@CLE,4.0,0,0,0,0,0,0,0,0,0,0,4,27,0,1,0,0,-1.9000000000000004
3,,Darnell Mooney,ATL,KC,0,0,0.0,3,46,0.2,5.8,KC@ATL,6.0,0,0,0,0,0,0,0,0,0,0,8,66,0,0,0,0,0.20000000000000018
3,,Adam Thielen,CAR,@LV,0,0,0.0,3,43,0.2,5.5,CAR@LV,10.0,0,0,0,0,0,0,0,0,0,0,3,40,1,0,0,0,4.5
3,,Christian Watson,GB,@TEN,0,0,0.0,3,37,0.3,5.5,GB@TEN,6.0,0,0,0,0,0,0,0,0,0,0,2,67,0,0,0,0,0.5
4,,Ja'Marr Chase,CIN,@CAR,0,0,0.0,6,87,0.7,12.9,CIN@CAR,14.0,0,0,0,0,0,0,0,0,0,0,3,85,1,0,0,0,1.0999999999999996
4,,Justin Jefferson,MIN,@GB,0,0,0.0,6,83,0.7,12.5,MIN@GB,14.0,0,0,0,0,0,0,0,0,0,0,6,85,1,0,0,0,1.5
4,,Nico Collins,HOU,JAC,0,0,0.0,6,87,0.6,12.3,JAX@HOU,21.0,0,0,0,0,0,0,0,0,0,0,12,151,1,0,0,0,8.7
4,,CeeDee Lamb,DAL,@NYG,0,0,0.0,6,82,0.6,11.8,DAL@NYG,15.0,0,0,0,0,0,0,3,8,0,0,7,98,1,0,0,0,3.1999999999999993
4,,Malik Nabers,NYG,DAL,0,0,0.0,5,70,0.7,11.2,DAL@NYG,11.0,0,0,0,0,0,0,1,-4,0,0,12,115,0,0,0,0,-0.1999999999999993
4,,Amon-Ra St. Brown,DET,SEA,0,0,0.0,7,82,0.5,11.2,SEA@DET,16.0,1,1,7,1,0,0,0,0,0,0,6,45,1,0,0,0,4.800000000000001
4,,Mike Evans,TB,PHI,0,0,0.0,5,75,0.6,11.1,PHI@TB,15.0,0,0,0,0,0,0,0,0,0,0,8,94,1,0,0,0,3.9000000000000004
4,,Chris Olave,NO,@ATL,0,0,0.0,6,77,0.5,10.7,NO@ATL,8.0,0,0,0,0,0,0,0,0,0,0,8,87,0,0,0,0,-2.6999999999999993
4,,Chris Godwin,TB,PHI,0,0,0.0,6,70,0.5,10.0,PHI@TB,6.0,0,0,0,0,0,0,0,0,0,0,6,69,0,0,0,0,-4.0
4,,Jameson Williams,DET,SEA,1,8,0.0,4,60,0.5,9.8,SEA@DET,14.0,0,0,0,0,0,0,0,0,0,0,2,80,1,0,0,0,4.199999999999999
4,,Jayden Reed,GB,MIN,2,13,0.0,5,60,0.4,9.7,MIN@GB,19.0,0,0,0,0,0,0,1,2,0,0,7,139,1,0,0,0,9.3
4,,Garrett Wilson,NYJ,DEN,0,0,0.0,5,67,0.5,9.7,DEN@NYJ,3.0,0,0,0,0,0,0,0,0,0,0,5,41,0,0,1,0,-6.699999999999999
4,,Stefon Diggs,HOU,JAC,0,0,0.0,5,66,0.5,9.6,JAX@HOU,12.0,0,0,0,0,0,0,1,6,1,0,5,69,0,0,0,0,2.4000000000000004
4,,Brandon Aiyuk,SF,NE,0,0,0.0,5,70,0.4,9.4,NE@SF,4.0,0,0,0,0,0,0,0,0,0,0,2,48,0,0,0,0,-5.4
4,,Zay Flowers,BAL,BUF,1,5,0.0,6,65,0.4,9.4,BUF@BAL,1.0,0,0,0,0,0,0,0,0,0,0,1,10,0,0,0,0,-8.4
4,,D.J. Moore,CHI,LAR,0,0,0.0,5,69,0.4,9.3,LA@CHI,8.0,0,0,0,0,0,0,0,0,0,0,3,22,1,0,0,0,-1.3000000000000007
4,,Tyreek Hill,MIA,TEN,0,0,0.0,5,68,0.4,9.2,TEN@MIA,3.0,0,0,0,0,0,0,3,19,0,0,4,23,0,0,0,0,-6.199999999999999
4,,Diontae Johnson,CAR,CIN,0,0,0.0,5,68,0.4,9.2,CIN@CAR,14.0,0,0,0,0,0,0,0,0,0,0,7,83,1,0,0,0,4.800000000000001
4,,Calvin Ridley,TEN,@MIA,0,0,0.0,5,66,0.4,9.0,TEN@MIA,1.0,0,0,0,0,0,0,1,10,0,0,1,5,0,0,0,0,-8.0
4,,Amari Cooper,CLE,@LV,0,0,0.0,5,65,0.4,8.9,CLE@LV,3.0,0,0,0,0,0,0,0,0,0,0,4,35,0,0,0,0,-5.9
4,,George Pickens,PIT,@IND,0,0,0.0,5,65,0.4,8.9,PIT@IND,10.0,0,0,0,0,0,0,0,0,0,0,7,113,0,0,1,0,1.0999999999999996
4,,Deebo Samuel,SF,NE,3,15,0.0,4,50,0.4,8.9,NE@SF,6.0,0,0,0,0,0,0,2,14,0,0,3,58,0,0,0,0,-2.9000000000000004
4,,Rashid Shaheed,NO,@ATL,0,0,0.0,3,58,0.5,8.8,NO@ATL,8.0,0,0,0,0,0,0,2,14,0,0,8,83,0,0,1,0,-0.8000000000000007
4,,Terry McLaurin,WAS,@ARI,0,0,0.0,5,63,0.4,8.7,WAS@ARI,11.0,0,0,0,0,0,0,0,0,0,0,7,52,1,0,0,0,2.3000000000000007
4,,Drake London,ATL,NO,0,0,0.0,5,60,0.4,8.4,NO@ATL,6.0,0,0,0,0,0,0,0,0,0,0,6,64,0,0,0,0,-2.4000000000000004
4,,Jaxon Smith-Njigba,SEA,@DET,0,0,0.0,6,65,0.3,8.3,SEA@DET,5.0,0,0,0,0,0,0,0,0,0,0,8,51,0,0,0,0,-3.3000000000000007
4,,Tee Higgins,CIN,@CAR,0,0,0.0,4,58,0.4,8.2,CIN@CAR,6.0,0,0,0,0,0,0,0,0,0,0,6,60,0,0,0,0,-2.1999999999999993
4,,Xavier Worthy,KC,@LAC,2,8,0.0,4,50,0.4,8.2,KC@LAC,13.0,0,0,0,0,0,0,0,0,0,0,3,73,1,0,0,0,4.800000000000001
4,,Khalil Shakir,BUF,@BAL,0,0,0.0,5,63,0.3,8.1,BUF@BAL,6.0,0,0,0,0,0,0,0,0,0,0,4,62,0,0,0,0,-2.0999999999999996
4,,Ladd McConkey,LAC,KC,0,0,0.0,4,56,0.3,7.4,KC@LAC,12.0,0,0,0,0,0,0,0,0,0,0,5,67,1,0,0,0,4.6
4,,Jakobi Meyers,LV,CLE,0,0,0.0,5,55,0.3,7.3,CLE@LV,4.0,0,0,0,0,0,0,0,0,0,0,5,49,0,0,0,0,-3.3
4,,Courtland Sutton,DEN,@NYJ,0,0,0.0,4,54,0.3,7.2,DEN@NYJ,12.0,0,0,0,0,0,0,0,0,0,0,3,60,1,0,0,0,4.8
4,,Darnell Mooney,ATL,NO,0,0,0.0,4,53,0.3,7.1,NO@ATL,5.0,0,0,0,0,0,0,0,0,0,0,3,56,0,0,0,0,-2.0999999999999996
4,,Quentin Johnston,LAC,KC,0,0,0.0,4,52,0.3,7.0,KC@LAC,0.0,0,0,0,0,0,0,1,4,0,0,1,9,0,0,0,0,-7.0
4,,Demarcus Robinson,LAR,@CHI,0,0,0.0,4,52,0.3,7.0,LA@CHI,3.0,0,0,0,0,0,0,0,0,0,0,2,37,0,0,0,0,-4.0
4,,Michael Wilson,ARI,WAS,0,0,0.0,4,52,0.3,7.0,WAS@ARI,2.0,0,0,0,0,0,0,0,0,0,0,3,38,0,0,1,0,-5.0
4,,Keon Coleman,BUF,@BAL,0,0,0.0,4,51,0.3,6.9,BUF@BAL,5.0,0,0,0,0,0,0,0,0,0,0,3,51,0,0,0,0,-1.9000000000000004
4,,Jaylen Waddle,MIA,TEN,0,0,0.0,4,50,0.3,6.8,TEN@MIA,3.0,0,0,0,0,0,0,0,0,0,0,4,36,0,0,0,0,-3.8
4,,Christian Kirk,JAC,@HOU,0,0,0.0,4,54,0.2,6.6,JAX@HOU,12.0,0,0,0,0,0,0,0,0,0,0,7,61,1,0,0,0,5.4
4,,Jordan Addison,MIN,@GB,0,0,0.0,4,53,0.2,6.5,MIN@GB,19.0,0,0,0,0,0,0,1,7,1,0,3,72,1,0,0,0,12.5
4,,Brandin Cooks,DAL,@NYG,0,0,0.0,4,47,0.3,6.5,DAL@NYG,1.0,0,0,0,0,0,0,0,0,0,0,1,16,0,0,0,0,-5.5
4,,Keenan Allen,CHI,LAR,0,0,0.0,4,45,0.3,6.3,LA@CHI,1.0,0,0,0,0,0,0,0,0,0,0,3,19,0,0,0,0,-5.3
4,,Romeo Doubs,GB,MIN,0,0,0.0,4,47,0.2,5.9,MIN@GB,3.0,0,0,0,0,0,0,0,0,0,0,4,39,0,0,0,0,-2.9000000000000004
4,,Tyler Lockett,SEA,@DET,0,0,0.0,4,47,0.2,5.9,SEA@DET,6.0,0,0,0,0,0,0,0,0,0,0,5,61,0,0,0,0,0.09999999999999964
5,,Ja'Marr Chase,CIN,BAL,0,0,0.0,6,84,0.7,12.6,BAL@CIN,31.0,0,0,0,0,0,0,0,0,0,0,10,193,2,0,0,0,18.4
5,,Justin Jefferson,MIN,NYJ,0,0,0.0,6,80,0.7,12.2,NYJ@MIN,9.0,0,0,0,0,0,0,0,0,0,0,6,92,0,0,0,0,-3.1999999999999993
5,,Jayden Reed,GB,@LAR,2,13,0.0,6,77,0.5,12.0,GB@LA,8.0,0,0,0,0,0,0,2,19,0,0,4,78,0,0,0,0,-4.0
5,,Nico Collins,HOU,BUF,0,0,0.0,6,85,0.5,11.5,BUF@HOU,13.0,0,0,0,0,0,0,0,0,0,0,2,78,1,0,0,0,1.5
5,,CeeDee Lamb,DAL,@PIT,0,0,0.0,6,78,0.6,11.4,DAL@PIT,6.0,0,0,0,0,0,0,1,2,0,0,5,62,0,0,0,0,-5.4
5,,Mike Evans,TB,@ATL,0,0,0.0,5,74,0.6,11.0,TB@ATL,18.0,0,0,0,0,0,0,0,0,0,0,5,62,2,0,0,0,7.0
5,,Deebo Samuel,SF,ARI,3,14,0.0,5,68,0.4,10.6,ARI@SF,1.0,0,0,0,0,0,0,3,9,0,0,1,11,0,0,0,0,-9.6
5,,Chris Godwin,TB,@ATL,0,0,0.0,6,71,0.5,10.1,TB@ATL,6.0,0,0,0,0,0,0,1,2,0,0,5,64,0,0,0,0,-4.1
5,,Diontae Johnson,CAR,@CHI,0,0,0.0,5,71,0.5,10.1,CAR@CHI,2.0,0,0,0,0,0,0,2,6,0,0,3,23,0,0,0,0,-8.1
5,,Amari Cooper,CLE,@WAS,0,0,0.0,5,70,0.5,10.0,CLE@WAS,6.0,0,0,0,0,0,0,0,0,0,0,4,60,0,0,0,0,-4.0
5,,Stefon Diggs,HOU,BUF,0,0,0.0,5,70,0.5,10.0,BUF@HOU,8.0,0,0,0,0,0,0,0,0,0,0,6,82,0,0,0,0,-2.0
5,,Garrett Wilson,NYJ,@MIN,0,0,0.0,5,67,0.5,9.7,NYJ@MIN,16.0,0,0,0,0,0,0,0,0,0,0,13,101,1,0,0,0,6.300000000000001
5,,Tyreek Hill,MIA,@NE,2,8,0.0,4,61,0.4,9.3,MIA@NE,6.0,0,0,0,0,0,0,0,0,0,0,6,69,0,0,0,0,-3.3000000000000007
5,,George Pickens,PIT,DAL,0,0,0.0,5,68,0.4,9.2,DAL@PIT,2.0,0,0,0,0,0,0,0,0,0,0,3,26,0,0,0,0,-7.199999999999999
5,,Xavier Worthy,KC,NO,2,8,0.0,4,58,0.4,9.0,NO@KC,8.0,0,0,0,0,0,0,1,3,1,0,3,25,0,0,0,0,-1.0
5,,Zay Flowers,BAL,@CIN,1,5,0.0,5,60,0.4,8.9,BAL@CIN,11.0,0,0,0,0,0,0,1,9,0,0,7,111,0,0,0,0,2.0999999999999996
5,,Tee Higgins,CIN,BAL,0,0,0.0,5,65,0.4,8.9,BAL@CIN,20.0,0,0,0,0,0,0,0,0,0,0,9,83,2,0,0,0,11.1
5,,Drake London,ATL,TB,0,0,0.0,5,65,0.4,8.9,TB@ATL,21.0,0,0,0,0,0,0,0,0,0,0,12,154,1,0,0,0,12.1
5,,Dontayvion Wicks,GB,@LAR,0,0,0.0,5,65,0.4,8.9,GB@LA,2.0,0,0,0,0,0,0,0,0,0,0,2,20,0,0,0,0,-6.9
5,,Brandon Aiyuk,SF,ARI,0,0,0.0,5,63,0.4,8.7,ARI@SF,14.0,0,0,0,0,0,0,0,0,0,0,8,147,0,0,0,0,5.300000000000001
5,,Chris Olave,NO,@KC,0,0,0.0,5,62,0.4,8.6,NO@KC,1.0,0,0,0,0,0,0,0,0,0,0,2,10,0,0,0,0,-7.6
5,,Terry McLaurin,WAS,CLE,0,0,0.0,6,60,0.4,8.4,CLE@WAS,10.0,0,0,0,0,0,0,1,2,0,0,4,112,0,0,1,0,1.5999999999999996
5,,Jaxon Smith-Njigba,SEA,NYG,0,0,0.0,6,66,0.3,8.4,NYG@SEA,9.0,0,0,0,0,0,0,0,0,0,0,4,31,1,0,0,0,0.5999999999999996
5,,Keon Coleman,BUF,@HOU,0,0,0.0,5,64,0.3,8.2,BUF@HOU,10.0,0,0,0,0,0,0,0,0,0,0,1,49,1,0,0,0,1.8000000000000007
5,,Josh Downs,IND,@JAC,0,0,0.0,6,62,0.3,8.0,IND@JAX,6.0,0,0,0,0,0,0,0,0,0,0,9,69,0,0,0,0,-2.0
5,,Rashid Shaheed,NO,@KC,0,0,0.0,3,56,0.4,8.0,NO@KC,14.0,0,0,0,0,0,0,0,0,0,0,4,86,1,0,0,0,6.0
5,,D.J. Moore,CHI,CAR,0,0,0.0,5,60,0.3,7.8,CAR@CHI,22.0,0,0,0,0,0,0,0,0,0,0,5,105,2,0,0,0,14.2
5,,Christian Kirk,JAC,IND,0,0,0.0,4,59,0.3,7.7,IND@JAX,8.0,0,0,0,0,0,0,0,0,0,0,4,88,0,0,0,0,0.2999999999999998
5,,Wan'Dale Robinson,NYG,@SEA,0,0,0.0,6,64,0.2,7.6,NYG@SEA,9.0,0,0,0,0,0,0,1,4,0,0,6,36,1,0,0,0,1.4000000000000004
5,,Courtland Sutton,DEN,LV,0,0,0.0,4,57,0.3,7.5,LV@DEN,3.0,0,0,0,0,0,0,0,0,0,0,2,32,0,0,0,0,-4.5
5,,Darius Slayton,NYG,@SEA,0,0,0.0,4,55,0.3,7.3,NYG@SEA,18.0,0,0,0,0,0,0,0,0,0,0,8,122,1,0,0,0,10.7
5,,Jakobi Meyers,LV,@DEN,0,0,0.0,5,53,0.3,7.1,LV@DEN,7.0,0,0,0,0,0,0,0,0,0,0,6,72,0,0,0,0,-0.09999999999999964
5,,Darnell Mooney,ATL,TB,0,0,0.0,4,53,0.3,7.1,TB@ATL,22.0,1,0,0,0,0,0,0,0,0,0,9,105,2,0,0,0,14.9
5,,Jordan Whittington,LAR,GB,0,0,0.0,5,57,0.2,6.9,GB@LA,8.0,0,0,0,0,0,0,0,0,0,0,7,89,0,0,0,0,1.0999999999999996
5,,Jordan Addison,MIN,NYJ,0,0,0.0,4,48,0.3,6.6,NYJ@MIN,3.0,0,0,0,0,0,0,0,0,0,0,3,36,0,0,0,0,-3.5999999999999996
5,,Michael Wilson,ARI,@SF,0,0,0.0,3,46,0.3,6.4,ARI@SF,7.0,0,0,0,0,0,0,0,0,0,0,5,78,0,0,0,0,0.5999999999999996
5,,Allen Lazard,NYJ,@MIN,0,0,0.0,4,45,0.3,6.3,NYJ@MIN,9.0,0,0,0,0,0,0,0,0,0,0,4,34,1,0,0,0,2.7
5,,Jauan Jennings,SF,ARI,0,0,0.0,4,49,0.2,6.1,ARI@SF,1.0,0,0,0,0,0,0,0,0,0,0,1,13,0,0,0,0,-5.1
5,,Demarcus Robinson,LAR,GB,0,0,0.0,4,48,0.2,6.0,GB@LA,8.0,0,0,0,0,0,0,0,0,0,0,3,28,1,0,0,0,2.0
5,,Jaylen Waddle,MIA,@NE,0,0,0.0,3,42,0.3,6.0,MIA@NE,4.0,0,0,0,0,0,0,0,0,0,0,4,46,0,0,0,0,-2.0
5,,Tre Tucker,LV,@DEN,0,0,0.0,4,47,0.2,5.9,LV@DEN,1.0,0,0,0,0,0,0,2,8,0,0,2,18,0,0,0,0,-4.9
5,,Keenan Allen,CHI,CAR,0,0,0.0,3,40,0.3,5.8,CAR@CHI,3.0,0,0,0,0,0,0,0,0,0,0,3,33,0,0,0,0,-2.8
5,,Rome Odunze,CHI,CAR,0,0,0.0,3,40,0.3,5.8,CAR@CHI,4.0,0,0,0,0,0,0,0,0,0,0,5,40,0,0,0,0,-1.7999999999999998
5,,Jalen Tolbert,DAL,@PIT,0,0,0.0,3,45,0.2,5.7,DAL@PIT,14.0,0,0,0,0,0,0,0,0,0,0,7,87,1,0,0,0,8.3
6,,Ja'Marr Chase,CIN,@NYG,0,0,0.0,6,86,0.7,12.8,CIN@NYG,7.0,0,0,0,0,0,0,0,0,0,0,5,72,0,0,0,0,-5.800000000000001
6,,Jayden Reed,GB,ARI,2,15,0.0,6,75,0.5,12.0,ARI@GB,8.0,0,0,0,0,0,0,1,0,0,0,6,28,1,0,0,0,-4.0
6,,CeeDee Lamb,DAL,DET,0,0,0.0,6,82,0.6,11.8,DET@DAL,8.0,0,0,0,0,0,0,1,2,0,0,7,89,0,0,0,0,-3.8000000000000007
6,,Amon-Ra St. Brown,DET,@DAL,0,0,0.0,7,87,0.5,11.7,DET@DAL,9.0,0,0,0,0,0,0,0,0,0,0,4,37,1,0,0,0,-2.6999999999999993
6,,Mike Evans,TB,@NO,0,0,0.0,5,77,0.6,11.3,TB@NO,3.0,0,0,0,0,0,0,0,0,0,0,2,34,0,0,0,0,-8.3
6,,Stefon Diggs,HOU,@NE,0,0,0.0,6,74,0.5,10.4,HOU@NE,13.0,0,0,0,0,0,0,0,0,0,0,6,77,1,0,0,0,2.5999999999999996
6,,Chris Godwin,TB,@NO,0,0,0.0,6,73,0.5,10.3,TB@NO,24.0,0,0,0,0,0,0,0,0,0,0,11,125,2,0,0,0,13.7
6,,Deebo Samuel,SF,@SEA,3,13,0.0,5,65,0.4,10.2,SF@SEA,17.0,0,0,0,0,0,0,4,15,0,0,3,102,1,0,0,0,6.800000000000001
6,,A.J. Brown,PHI,CLE,0,0,0.0,6,77,0.4,10.1,CLE@PHI,17.0,0,0,0,0,0,0,0,0,0,0,6,116,1,0,0,0,6.9
6,,Garrett Wilson,NYJ,BUF,0,0,0.0,5,70,0.5,10.0,BUF@NYJ,16.0,0,0,0,0,0,0,0,0,0,0,8,107,1,0,0,0,6.0
6,,Brandon Aiyuk,SF,@SEA,0,0,0.0,5,73,0.4,9.7,SF@SEA,3.0,0,0,0,0,0,0,0,0,0,0,2,37,0,0,0,0,-6.699999999999999
6,,Amari Cooper,CLE,@PHI,0,0,0.0,5,67,0.5,9.7,CLE@PHI,4.0,0,0,0,0,0,0,0,0,0,0,4,42,0,0,0,0,-5.699999999999999
6,,DeVonta Smith,PHI,CLE,0,0,0.0,5,72,0.4,9.6,CLE@PHI,12.0,0,0,0,0,0,0,0,0,0,0,3,64,1,0,0,0,2.4000000000000004
6,,Zay Flowers,BAL,WAS,1,5,0.0,6,65,0.4,9.4,WAS@BAL,13.0,0,0,0,0,0,0,1,2,0,0,9,132,0,0,0,0,3.5999999999999996
6,,Tee Higgins,CIN,@NYG,0,0,0.0,5,69,0.4,9.3,CIN@NYG,7.0,0,0,0,0,0,0,0,0,0,0,7,77,0,0,0,0,-2.3000000000000007
6,,Drake London,ATL,@CAR,0,0,0.0,6,68,0.4,9.2,ATL@CAR,13.0,0,0,0,0,0,0,0,0,0,0,6,74,1,0,0,0,3.8000000000000007
6,,Terry McLaurin,WAS,@BAL,0,0,0.0,6,67,0.4,9.1,WAS@BAL,17.0,0,0,0,0,0,0,1,0,0,0,6,53,2,0,0,0,7.9
6,,Diontae Johnson,CAR,ATL,0,0,0.0,5,66,0.4,9.0,ATL@CAR,13.0,0,0,0,0,0,0,0,0,0,0,6,78,1,0,0,0,4.0
6,,Jameson Williams,DET,@DAL,0,0,0.0,4,65,0.4,8.9,DET@DAL,14.0,0,0,0,0,0,0,1,11,0,0,3,76,1,0,0,0,5.1
6,,George Pickens,PIT,@LV,0,0,0.0,5,63,0.4,8.7,PIT@LV,5.0,0,0,0,0,0,0,0,0,0,0,3,53,0,0,0,0,-3.6999999999999993
6,,Jaxon Smith-Njigba,SEA,SF,0,0,0.0,6,68,0.3,8.6,SF@SEA,5.0,0,0,0,0,0,0,0,0,0,0,5,53,0,0,0,0,-3.5999999999999996
6,,Darius Slayton,NYG,CIN,0,0,0.0,5,67,0.3,8.5,CIN@NYG,5.0,0,0,0,0,0,0,0,0,0,0,6,57,0,0,0,0,-3.5
6,,Josh Downs,IND,@TEN,0,0,0.0,6,66,0.3,8.4,IND@TEN,12.0,0,0,0,0,0,0,1,-1,0,0,7,66,1,0,0,0,3.5999999999999996
6,,D.J. Moore,CHI,JAC,0,0,0.0,5,65,0.3,8.3,JAX@CHI,2.0,0,0,0,0,0,0,0,0,0,0,4,20,0,0,0,0,-6.300000000000001
6,,Calvin Ridley,TEN,IND,0,0,0.0,5,65,0.3,8.3,IND@TEN,0.0,0,0,0,0,0,0,1,9,0,0,0,0,0,0,0,0,-8.3
6,,Christian Kirk,JAC,@CHI,0,0,0.0,4,60,0.3,7.8,JAX@CHI,3.0,0,0,0,0,0,0,0,0,0,0,3,39,0,0,0,0,-4.8
6,,Chris Olave,NO,TB,0,0,0.0,5,60,0.3,7.8,TB@NO,-1.0,0,0,0,0,0,0,0,0,0,0,1,5,0,0,1,0,-8.8
6,,Wan'Dale Robinson,NYG,CIN,0,0,0.0,6,65,0.2,7.7,CIN@NYG,5.0,0,0,0,0,0,0,0,0,0,0,5,50,0,0,0,0,-2.7
6,,Courtland Sutton,DEN,LAC,0,0,0.0,5,59,0.3,7.7,LAC@DEN,11.0,0,0,0,0,0,0,0,0,0,0,4,53,1,0,0,0,3.3
6,,Darnell Mooney,ATL,@CAR,0,0,0.0,4,55,0.3,7.3,ATL@CAR,3.0,0,0,0,0,0,0,0,0,0,0,3,38,0,0,0,0,-4.3
6,,Jalen Tolbert,DAL,DET,0,0,0.0,4,55,0.3,7.3,DET@DAL,4.0,0,0,0,0,0,0,0,0,0,0,4,43,0,0,0,0,-3.3
6,,Keon Coleman,BUF,@NYJ,0,0,0.0,4,52,0.3,7.0,BUF@NYJ,2.0,0,0,0,0,0,0,0,0,0,0,3,26,0,0,0,0,-5.0
6,,Ladd McConkey,LAC,@DEN,0,0,0.0,5,58,0.2,7.0,LAC@DEN,4.0,0,0,0,0,0,0,0,0,0,0,4,43,0,0,0,0,-3.0
6,,Rashid Shaheed,NO,TB,0,0,0.0,3,50,0.3,6.8,TB@NO,1.0,0,0,0,0,0,0,1,2,0,0,1,11,0,0,0,0,-5.8
6,,Romeo Doubs,GB,ARI,0,0,0.0,4,47,0.3,6.5,ARI@GB,16.0,0,0,0,0,0,0,0,0,0,0,3,49,2,0,0,0,9.5
6,,Michael Wilson,ARI,@GB,0,0,0.0,4,50,0.2,6.2,ARI@GB,8.0,0,0,0,0,0,0,0,0,0,0,2,21,1,0,0,0,1.7999999999999998
6,,DeAndre Hopkins,TEN,IND,0,0,0.0,4,42,0.3,6.0,IND@TEN,5.0,0,0,0,0,0,0,0,0,0,0,4,54,0,0,0,0,-1.0
6,,Allen Lazard,NYJ,BUF,0,0,0.0,3,40,0.3,5.8,BUF@NYJ,17.0,0,0,0,0,0,0,0,0,0,0,6,114,1,0,0,0,11.2
6,,Tyler Lockett,SEA,SF,0,0,0.0,4,45,0.2,5.7,SF@SEA,12.0,0,0,0,0,0,0,0,0,0,0,4,65,1,0,0,0,6.3
6,,Ja'Lynn Polk,NE,HOU,0,0,0.0,4,45,0.2,5.7,HOU@NE,0.0,0,0,0,0,0,0,0,0,0,0,1,4,0,0,0,0,-5.7
6,,Jerry Jeudy,CLE,@PHI,0,0,0.0,4,43,0.2,5.5,CLE@PHI,3.0,0,0,0,0,0,0,0,0,0,0,1,35,0,0,0,0,-2.5
6,,Quentin Johnston,LAC,@DEN,0,0,0.0,3,43,0.2,5.5,LAC@DEN,2.0,0,0,0,0,0,0,1,0,0,0,3,22,0,0,0,0,-3.5
6,,Xavier Legette,CAR,ATL,0,0,0.0,3,41,0.2,5.3,ATL@CAR,8.0,0,0,0,0,0,0,0,0,0,0,3,23,1,0,0,0,2.7
7,,Justin Jefferson,MIN,DET,0,0,0.0,7,90,0.8,13.8,DET@MIN,14.0,0,0,0,0,0,0,1,3,0,0,7,81,1,0,0,0,0.1999999999999993
7,,Ja'Marr Chase,CIN,@CLE,0,0,0.0,6,82,0.7,12.4,CIN@CLE,12.0,0,0,0,0,0,0,1,11,0,0,5,55,1,0,0,0,-0.40000000000000036
7,,A.J. Brown,PHI,@NYG,0,0,0.0,6,85,0.6,12.1,PHI@NYG,14.0,0,0,0,0,0,0,0,0,0,0,5,89,1,0,0,0,1.9000000000000004
7,,Jayden Reed,GB,HOU,2,13,0.0,6,72,0.5,11.5,HOU@GB,1.0,0,0,0,0,0,0,1,0,0,0,2,10,0,0,0,0,-10.5
7,,Malik Nabers,NYG,PHI,0,0,0.0,6,77,0.6,11.3,PHI@NYG,4.0,0,0,0,0,0,0,0,0,0,0,4,41,0,0,0,0,-7.300000000000001
7,,Amon-Ra St. Brown,DET,@MIN,0,0,0.0,6,80,0.5,11.0,DET@MIN,17.0,0,0,0,0,0,0,0,0,0,0,8,112,1,0,0,0,6.0
7,,Mike Evans,TB,BAL,0,0,0.0,5,73,0.6,10.9,BAL@TB,8.0,0,0,0,0,0,0,0,0,0,0,1,25,1,0,0,0,-2.9000000000000004
7,,Chris Godwin,TB,BAL,0,0,0.0,7,77,0.5,10.7,BAL@TB,6.0,0,0,0,0,0,0,0,0,0,0,7,65,0,0,0,0,-4.699999999999999
7,,Stefon Diggs,HOU,@GB,0,0,0.0,6,76,0.5,10.6,HOU@GB,2.0,0,0,0,0,0,0,0,0,0,0,5,23,0,0,0,0,-8.6
7,,Diontae Johnson,CAR,@WAS,0,0,0.0,6,76,0.4,10.0,CAR@WAS,1.0,0,0,0,0,0,0,0,0,0,0,1,17,0,0,0,0,-9.0
7,,Zay Flowers,BAL,@TB,1,5,0.0,6,70,0.4,9.9,BAL@TB,2.0,0,0,0,0,0,0,1,19,0,0,1,11,0,0,0,0,-7.9
7,,Drake London,ATL,SEA,0,0,0.0,6,69,0.5,9.9,SEA@ATL,12.0,0,0,0,0,0,0,0,0,0,0,6,63,1,0,0,0,2.0999999999999996
7,,Garrett Wilson,NYJ,@PIT,0,0,0.0,5,68,0.5,9.8,NYJ@PIT,8.0,0,0,0,0,0,0,0,0,0,0,5,61,0,1,0,0,-1.8000000000000007
7,,Tee Higgins,CIN,@CLE,0,0,0.0,5,71,0.4,9.5,CIN@CLE,14.0,0,0,0,0,0,0,0,0,0,0,4,82,1,0,0,0,4.5
7,,DeVonta Smith,PHI,@NYG,0,0,0.0,5,67,0.4,9.1,PHI@NYG,0.0,0,0,0,0,0,0,0,0,0,0,1,-2,0,0,0,0,-9.1
7,,Terry McLaurin,WAS,CAR,0,0,0.0,6,66,0.4,9.0,CAR@WAS,9.0,0,0,0,0,0,0,0,0,0,0,6,98,0,0,0,0,0.0
7,,Jameson Williams,DET,@MIN,0,0,0.0,4,63,0.4,8.7,DET@MIN,0.0,0,0,0,0,0,0,0,0,0,0,1,-4,0,0,0,0,-8.7
7,,George Pickens,PIT,NYJ,0,0,0.0,5,60,0.4,8.4,NYJ@PIT,17.0,0,0,0,0,0,0,0,0,0,0,5,111,1,0,0,0,8.6
7,,Jaxon Smith-Njigba,SEA,@ATL,0,0,0.0,6,66,0.3,8.4,SEA@ATL,1.0,1,1,35,0,0,0,0,0,0,0,3,9,0,0,0,0,-7.4
7,,Tyreek Hill,MIA,@IND,0,0,0.0,4,63,0.3,8.1,MIA@IND,0.0,0,0,0,0,0,0,1,5,0,0,1,8,0,0,0,0,-8.1
7,,Josh Downs,IND,MIA,0,0,0.0,5,60,0.3,7.8,MIA@IND,0.0,0,0,0,0,0,0,0,0,0,0,1,3,0,0,0,0,-7.8
7,,Christian Watson,GB,HOU,0,0,0.0,4,60,0.3,7.8,HOU@GB,0.0,0,0,0,0,0,0,1,-4,0,0,1,9,0,0,0,0,-7.8
7,,Brandon Aiyuk,SF,KC,0,0,0.0,4,58,0.3,7.6,KC@SF,2.0,0,0,0,0,0,0,0,0,0,0,2,23,0,0,0,0,-5.6
7,,Darnell Mooney,ATL,SEA,0,0,0.0,4,57,0.3,7.5,SEA@ATL,4.0,0,0,0,0,0,0,0,0,0,0,5,46,0,0,0,0,-3.5
7,,Xavier Worthy,KC,@SF,2,10,0.1,3,45,0.2,7.3,KC@SF,1.0,0,0,0,0,0,0,1,5,0,0,3,19,0,0,0,0,-6.3
7,,Davante Adams,NYJ,@PIT,0,0,0.0,4,52,0.3,7.0,NYJ@PIT,3.0,0,0,0,0,0,0,0,0,0,0,3,30,0,0,0,0,-4.0
7,,Jordan Addison,MIN,DET,0,0,0.0,4,52,0.3,7.0,DET@MIN,6.0,0,0,0,0,0,0,0,0,0,0,3,66,0,0,0,0,-1.0
7,,Christian Kirk,JAC,NE,0,0,0.0,4,52,0.3,7.0,NE@JAX,2.0,0,0,0,0,0,0,0,0,0,0,1,24,0,0,0,0,-5.0
7,,Wan'Dale Robinson,NYG,PHI,0,0,0.0,6,58,0.2,7.0,PHI@NYG,2.0,0,0,0,0,0,0,0,0,0,0,6,23,0,0,0,0,-5.0
7,,DeAndre Hopkins,TEN,@BUF,0,0,0.0,4,50,0.3,6.8,TEN@BUF,0.0,0,0,0,0,0,0,0,0,0,0,1,-2,0,0,0,0,-6.8
7,,Demario Douglas,NE,@JAC,0,0,0.0,5,55,0.2,6.7,NE@JAX,1.0,0,0,0,0,0,0,0,0,0,0,2,14,0,0,0,0,-5.7
7,,Jerry Jeudy,CLE,CIN,0,0,0.0,5,55,0.2,6.7,CIN@CLE,1.0,0,0,0,0,0,0,0,0,0,0,1,18,0,0,0,0,-5.7
7,,Ladd McConkey,LAC,@ARI,0,0,0.0,4,55,0.2,6.7,LAC@ARI,4.0,0,0,0,0,0,0,0,0,0,0,5,46,0,0,0,0,-2.7
7,,Khalil Shakir,BUF,TEN,0,0,0.0,4,47,0.3,6.5,TEN@BUF,6.0,0,0,0,0,0,0,0,0,0,0,7,65,0,0,0,0,-0.5
7,,Romeo Doubs,GB,HOU,0,0,0.0,4,44,0.3,6.2,HOU@GB,9.0,0,0,0,0,0,0,0,0,0,0,8,94,0,0,0,0,2.8
7,,Calvin Ridley,TEN,@BUF,0,0,0.0,4,48,0.2,6.0,TEN@BUF,4.0,0,0,0,0,0,0,0,0,0,0,3,42,0,0,0,0,-2.0
7,,Jaylen Waddle,MIA,@IND,0,0,0.0,3,48,0.2,6.0,MIA@IND,1.0,0,0,0,0,0,0,0,0,0,0,1,11,0,0,0,0,-5.0
7,,Xavier Legette,CAR,@WAS,0,0,0.0,4,46,0.2,5.8,CAR@WAS,0.0,0,0,0,0,0,0,1,6,0,0,2,3,0,0,0,0,-5.8
7,,Amari Cooper,BUF,TEN,0,0,0.0,3,38,0.3,5.6,TEN@BUF,12.0,0,0,0,0,0,0,0,0,0,0,4,66,1,0,0,0,6.4
8,,Justin Jefferson,MIN,@LAR,0,0,0.0,6,88,0.8,13.6,MIN@LA,11.0,0,0,0,0,0,0,0,0,0,0,8,115,0,0,0,0,-2.5999999999999996
8,,Ja'Marr Chase,CIN,PHI,0,0,0.0,7,90,0.7,13.2,PHI@CIN,11.0,0,0,0,0,0,0,0,0,0,0,9,54,1,0,0,0,-2.1999999999999993
8,,Amon-Ra St. Brown,DET,TEN,0,0,0.0,7,87,0.6,12.3,TEN@DET,6.0,0,0,0,0,0,0,0,0,0,0,2,7,1,0,0,0,-6.300000000000001
8,,A.J. Brown,PHI,@CIN,0,0,0.0,6,81,0.6,11.7,PHI@CIN,8.0,0,0,0,0,0,0,0,0,0,0,5,84,0,0,0,0,-3.6999999999999993
8,,Tyreek Hill,MIA,ARI,0,0,0.0,6,86,0.5,11.6,ARI@MIA,7.0,0,0,0,0,0,0,0,0,0,0,6,72,0,0,0,0,-4.6
8,,Malik Nabers,NYG,@PIT,0,0,0.0,6,75,0.6,11.1,NYG@PIT,7.0,0,0,0,0,0,0,0,0,0,0,7,71,0,0,0,0,-4.1
8,,Deebo Samuel,SF,DAL,3,15,0.1,5,67,0.3,10.6,DAL@SF,8.0,0,0,0,0,0,0,4,15,0,0,4,71,0,0,0,0,-2.5999999999999996
8,,Drake London,ATL,@TB,0,0,0.0,6,75,0.5,10.5,ATL@TB,3.0,0,0,0,0,0,0,0,0,0,0,4,34,0,0,0,0,-7.5
8,,Davante Adams,NYJ,@NE,0,0,0.0,6,72,0.5,10.2,NYJ@NE,5.0,0,0,0,0,0,0,0,0,0,0,4,54,0,0,0,0,-5.199999999999999
8,,Stefon Diggs,HOU,IND,0,0,0.0,6,72,0.5,10.2,IND@HOU,8.0,0,0,0,0,0,0,1,-4,0,0,5,81,0,0,0,0,-2.1999999999999993
8,,Zay Flowers,BAL,@CLE,1,5,0.0,6,73,0.4,10.2,BAL@CLE,11.0,0,0,0,0,0,0,0,0,0,0,7,115,0,0,0,0,0.8000000000000007
8,,Jayden Reed,GB,@JAC,2,12,0.0,5,66,0.4,10.2,GB@JAX,5.0,0,0,0,0,0,0,1,0,0,0,2,55,0,0,0,0,-5.199999999999999
8,,CeeDee Lamb,DAL,@SF,0,0,0.0,6,77,0.4,10.1,DAL@SF,26.0,0,0,0,0,0,0,0,0,0,0,13,146,2,0,0,0,15.9
8,,Cooper Kupp,LAR,MIN,0,0,0.0,6,75,0.4,9.9,MIN@LA,11.0,0,0,0,0,0,0,0,0,0,0,5,51,1,0,0,0,1.0999999999999996
8,,D.J. Moore,CHI,@WAS,0,0,0.0,5,70,0.4,9.4,CHI@WAS,2.0,0,0,0,0,0,0,2,7,0,0,2,27,0,0,0,0,-7.4
8,,George Pickens,PIT,NYG,0,0,0.0,5,68,0.4,9.2,NYG@PIT,7.0,0,0,0,0,0,0,0,0,0,0,4,74,0,0,0,0,-2.1999999999999993
8,,Garrett Wilson,NYJ,@NE,0,0,0.0,5,67,0.4,9.1,NYJ@NE,11.0,0,0,0,0,0,0,0,0,0,0,5,113,0,0,0,0,1.9000000000000004
8,,Jaxon Smith-Njigba,SEA,BUF,0,0,0.0,6,71,0.3,8.9,BUF@SEA,6.0,0,0,0,0,0,0,0,0,0,0,6,69,0,0,0,0,-2.9000000000000004
8,,Terry McLaurin,WAS,CHI,0,0,0.0,6,63,0.4,8.7,CHI@WAS,12.0,0,0,0,0,0,0,0,0,0,0,5,125,0,0,0,0,3.3000000000000007
8,,DeVonta Smith,PHI,@CIN,0,0,0.0,5,63,0.4,8.7,PHI@CIN,14.0,0,0,0,0,0,0,0,0,0,0,6,85,1,0,0,0,5.300000000000001
8,,Darnell Mooney,ATL,@TB,0,0,0.0,5,63,0.3,8.1,ATL@TB,14.0,0,0,0,0,0,0,0,0,0,0,4,86,1,0,0,0,5.9
8,,Xavier Worthy,KC,@LV,3,11,0.1,4,52,0.2,8.1,KC@LV,9.0,0,0,0,0,0,0,0,0,0,0,4,37,1,0,0,0,0.9000000000000004
8,,Jaylen Waddle,MIA,ARI,0,0,0.0,4,62,0.3,8.0,ARI@MIA,4.0,0,0,0,0,0,0,0,0,0,0,4,45,0,0,0,0,-4.0
8,,Jalen McMillan,TB,ATL,0,0,0.0,4,58,0.3,7.6,ATL@TB,4.0,0,0,0,0,0,0,1,17,0,0,4,35,0,0,0,0,-3.5999999999999996
8,,Jerry Jeudy,CLE,BAL,0,0,0.0,5,57,0.3,7.5,BAL@CLE,7.0,0,0,0,0,0,0,0,0,0,0,5,79,0,0,0,0,-0.5
8,,Chris Olave,NO,@LAC,0,0,0.0,4,56,0.3,7.4,NO@LAC,10.0,0,0,0,0,0,0,0,0,0,0,8,107,0,0,0,0,2.5999999999999996
8,,Christian Watson,GB,@JAC,0,0,0.0,4,56,0.3,7.4,GB@JAX,3.0,0,0,0,0,0,0,0,0,0,0,4,39,0,0,0,0,-4.4
8,,Amari Cooper,BUF,@SEA,0,0,0.0,4,52,0.3,7.0,BUF@SEA,0.0,0,0,0,0,0,0,0,0,0,0,1,3,0,0,0,0,-7.0
8,,Jordan Addison,MIN,@LAR,0,0,0.0,4,50,0.3,6.8,MIN@LA,2.0,0,0,0,0,0,0,0,0,0,0,2,22,0,0,0,0,-4.8
8,,Courtland Sutton,DEN,CAR,0,0,0.0,4,50,0.3,6.8,CAR@DEN,10.0,1,1,28,0,0,0,0,0,0,0,8,100,0,0,1,0,3.2
8,,Demario Douglas,NE,NYJ,0,0,0.0,5,53,0.2,6.5,NYJ@NE,1.0,0,0,0,0,0,0,0,0,0,0,2,12,0,0,0,0,-5.5
8,,Tyler Lockett,SEA,BUF,0,0,0.0,5,53,0.2,6.5,BUF@SEA,0.0,0,0,0,0,0,0,0,0,0,0,1,9,0,0,0,0,-6.5
8,,Ladd McConkey,LAC,NO,0,0,0.0,4,53,0.2,6.5,NO@LAC,23.0,0,0,0,0,0,0,0,0,0,0,6,111,2,0,0,0,16.5
8,,Khalil Shakir,BUF,@SEA,0,0,0.0,4,47,0.3,6.5,BUF@SEA,10.0,0,0,0,0,0,0,1,2,0,0,9,107,0,0,0,0,3.5
8,,Cedric Tillman,CLE,BAL,0,0,0.0,3,47,0.3,6.5,BAL@CLE,21.0,0,0,0,0,0,0,0,0,0,0,7,99,2,0,0,0,14.5
8,,Wan'Dale Robinson,NYG,@PIT,0,0,0.0,5,52,0.2,6.4,NYG@PIT,3.0,0,0,0,0,0,0,0,0,0,0,5,30,0,0,0,0,-3.4000000000000004
8,,Romeo Doubs,GB,@JAC,0,0,0.0,4,44,0.3,6.2,GB@JAX,7.0,0,0,0,0,0,0,0,0,0,0,3,72,0,0,0,0,0.7999999999999998
8,,Josh Downs,IND,@HOU,0,0,0.0,5,50,0.2,6.2,IND@HOU,17.0,0,0,0,0,0,0,0,13,0,0,4,109,1,0,0,0,10.8
8,,Mecole Hardman,KC,@LV,3,14,0.1,2,28,0.2,6.0,KC@LV,0.0,0,0,0,0,0,0,0,0,0,0,1,8,0,0,0,0,-6.0
8,,Jakobi Meyers,LV,KC,0,0,0.0,4,48,0.2,6.0,KC@LV,11.0,0,0,0,0,0,0,0,0,0,0,6,52,1,0,0,0,5.0
8,,Xavier Legette,CAR,@DEN,0,0,0.0,4,47,0.2,5.9,CAR@DEN,9.0,0,0,0,0,0,0,1,0,0,0,4,34,1,0,0,0,3.0999999999999996
8,,Calvin Ridley,TEN,@DET,0,0,0.0,4,45,0.2,5.7,TEN@DET,13.0,0,0,0,0,0,0,1,3,0,0,10,143,0,0,1,0,7.3
8,,Jalen Tolbert,DAL,@SF,0,0,0.0,3,44,0.2,5.6,DAL@SF,4.0,0,0,0,0,0,0,0,0,0,0,3,44,0,0,0,0,-1.5999999999999996
8,,Darius Slayton,NYG,@PIT,0,0,0.0,3,37,0.3,5.5,NYG@PIT,10.0,0,0,0,0,0,0,0,0,0,0,4,108,0,0,0,0,4.5
9,,Justin Jefferson,MIN,IND,0,0,0.0,7,94,0.8,14.2,IND@MIN,13.0,1,1,22,0,0,0,0,0,0,0,7,137,0,0,0,0,-1.1999999999999993
9,,Ja'Marr Chase,CIN,LV,0,0,0.0,6,84,0.7,12.6,LV@CIN,4.0,0,0,0,0,0,0,0,0,0,0,7,43,0,0,0,0,-8.6
9,,Amon-Ra St. Brown,DET,@GB,0,0,0.0,7,84,0.7,12.6,DET@GB,11.0,0,0,0,0,0,0,0,0,0,0,7,56,1,0,0,0,-1.5999999999999996
9,,A.J. Brown,PHI,JAC,0,0,0.0,6,85,0.6,12.1,JAX@PHI,3.0,0,0,0,0,0,0,0,0,0,0,2,36,0,0,0,0,-9.1
9,,Tyreek Hill,MIA,@BUF,0,0,0.0,6,85,0.5,11.5,MIA@BUF,8.0,0,0,0,0,0,0,0,0,0,0,4,80,0,0,0,0,-3.5
9,,CeeDee Lamb,DAL,@ATL,0,0,0.0,6,84,0.5,11.4,DAL@ATL,7.0,0,0,0,0,0,0,2,15,0,0,8,47,0,1,0,0,-4.4
9,,Malik Nabers,NYG,WAS,0,0,0.0,6,77,0.6,11.3,WAS@NYG,5.0,0,0,0,0,0,0,0,0,0,0,9,59,0,0,0,0,-6.300000000000001
9,,Drake London,ATL,DAL,0,0,0.0,6,77,0.5,10.7,DAL@ATL,8.0,0,0,0,0,0,0,0,0,0,0,2,27,1,0,0,0,-2.6999999999999993
9,,Cooper Kupp,LAR,@SEA,0,0,0.0,6,74,0.5,10.4,LA@SEA,10.0,0,0,0,0,0,0,0,0,0,0,11,104,0,0,0,0,-0.40000000000000036
9,,Zay Flowers,BAL,DEN,2,7,0.0,7,75,0.3,10.0,DEN@BAL,24.0,0,0,0,0,0,0,0,0,0,0,5,127,2,0,0,0,14.0
9,,Puka Nacua,LAR,@SEA,0,0,0.0,5,70,0.5,10.0,LA@SEA,1.0,0,0,0,0,0,0,0,0,0,0,1,11,0,0,0,0,-9.0
9,,Davante Adams,NYJ,HOU,0,0,0.0,5,68,0.5,9.8,HOU@NYJ,15.0,0,0,0,0,0,0,0,0,0,0,7,91,1,0,0,0,5.199999999999999
9,,Chris Olave,NO,@CAR,0,0,0.0,6,72,0.4,9.6,NO@CAR,1.0,0,0,0,0,0,0,0,0,0,0,1,13,0,0,0,0,-8.6
9,,Garrett Wilson,NYJ,HOU,0,0,0.0,6,72,0.4,9.6,HOU@NYJ,21.0,0,0,0,0,0,0,0,0,0,0,9,90,2,0,0,0,11.4
9,,Terry McLaurin,WAS,@NYG,0,0,0.0,6,70,0.4,9.4,WAS@NYG,13.0,0,0,0,0,0,0,0,0,0,0,2,19,2,0,0,0,3.5999999999999996
9,,Jayden Reed,GB,DET,2,12,0.0,5,58,0.4,9.4,DET@GB,11.0,0,0,0,0,0,0,0,0,0,0,5,113,0,0,0,0,1.5999999999999996
9,,Josh Downs,IND,@MIN,0,0,0.0,6,68,0.4,9.2,IND@MIN,6.0,0,0,0,0,0,0,0,0,0,0,6,60,0,0,0,0,-3.1999999999999993
9,,D.J. Moore,CHI,@ARI,0,0,0.0,5,64,0.4,8.8,CHI@ARI,3.0,0,0,0,0,0,0,0,0,0,0,4,33,0,0,0,0,-5.800000000000001
9,,DeVonta Smith,PHI,JAC,0,0,0.0,5,64,0.4,8.8,JAX@PHI,14.0,0,0,0,0,0,0,0,0,0,0,4,87,1,0,0,0,5.199999999999999
9,,Darnell Mooney,ATL,DAL,0,0,0.0,5,67,0.3,8.5,DAL@ATL,14.0,0,0,0,0,0,0,0,0,0,0,5,88,1,0,0,0,5.5
9,,Jaxon Smith-Njigba,SEA,LAR,0,0,0.0,6,64,0.3,8.2,LA@SEA,30.0,0,0,0,0,0,0,0,0,0,0,7,180,2,0,0,0,21.8
9,,Jaylen Waddle,MIA,@BUF,0,0,0.0,5,64,0.3,8.2,MIA@BUF,6.0,0,0,0,0,0,0,0,0,0,0,2,-4,1,0,0,0,-2.1999999999999993
9,,Xavier Worthy,KC,TB,2,10,0.1,3,47,0.3,8.1,TB@KC,0.0,0,0,0,0,0,0,2,-10,0,0,0,0,0,0,0,0,-8.1
9,,Tyler Lockett,SEA,LAR,0,0,0.0,6,60,0.3,7.8,LA@SEA,12.0,0,0,0,0,0,0,0,0,0,0,3,63,1,0,0,0,4.2
9,,Courtland Sutton,DEN,@BAL,0,0,0.0,5,60,0.3,7.8,DEN@BAL,18.0,1,1,2,1,0,0,0,0,0,0,7,122,0,0,0,0,10.2
9,,Ladd McConkey,LAC,@CLE,0,0,0.0,5,58,0.3,7.6,LAC@CLE,6.0,0,0,0,0,0,0,0,0,0,0,5,64,0,0,0,0,-1.5999999999999996
9,,Cedric Tillman,CLE,LAC,0,0,0.0,4,57,0.3,7.5,LAC@CLE,13.0,0,0,0,0,0,0,0,0,0,0,6,75,1,0,0,0,5.5
9,,Khalil Shakir,BUF,MIA,0,0,0.0,4,56,0.3,7.4,MIA@BUF,5.0,0,0,0,0,0,0,0,0,0,0,6,50,0,0,0,0,-2.4000000000000004
9,,Jerry Jeudy,CLE,LAC,0,0,0.0,5,55,0.3,7.3,LAC@CLE,7.0,0,0,0,0,0,0,0,0,0,0,7,73,0,0,0,0,-0.2999999999999998
9,,Jakobi Meyers,LV,@CIN,0,0,0.0,5,55,0.3,7.3,LV@CIN,10.0,0,0,0,0,0,0,0,0,0,0,8,105,0,0,0,0,2.7
9,,Calvin Ridley,TEN,NE,0,0,0.0,5,60,0.2,7.2,NE@TEN,7.0,0,0,0,0,0,0,0,0,0,0,5,73,0,0,0,0,-0.20000000000000018
9,,Keon Coleman,BUF,MIA,0,0,0.0,4,53,0.3,7.1,MIA@BUF,4.0,0,0,0,0,0,0,0,0,0,0,1,21,0,1,0,0,-3.0999999999999996
9,,Romeo Doubs,GB,DET,0,0,0.0,4,51,0.3,6.9,DET@GB,2.0,0,0,0,0,0,0,0,0,0,0,4,28,0,0,0,0,-4.9
9,,Christian Watson,GB,DET,0,0,0.0,3,48,0.3,6.6,DET@GB,5.0,0,0,0,0,0,0,0,0,0,0,3,37,0,1,0,0,-1.5999999999999996
9,,Xavier Legette,CAR,NO,0,0,0.0,4,53,0.2,6.5,NO@CAR,9.0,0,0,0,0,0,0,1,6,0,0,4,33,1,0,0,0,2.5
9,,Demario Douglas,NE,@TEN,0,0,0.0,5,50,0.2,6.2,NE@TEN,3.0,0,0,0,0,0,0,0,0,0,0,7,35,0,0,0,0,-3.2
9,,Jordan Addison,MIN,IND,0,0,0.0,3,42,0.3,6.0,IND@MIN,10.0,0,0,0,0,0,0,1,9,0,0,5,42,1,0,0,0,4.0
9,,Wan'Dale Robinson,NYG,WAS,0,0,0.0,5,48,0.2,6.0,WAS@NYG,1.0,0,0,0,0,0,0,0,0,0,0,3,10,0,0,0,0,-5.0
9,,Elijah Moore,CLE,LAC,0,0,0.0,4,47,0.2,5.9,LAC@CLE,2.0,0,0,0,0,0,0,0,0,0,0,3,28,0,0,0,0,-3.9000000000000004
9,,Darius Slayton,NYG,WAS,0,0,0.0,3,47,0.2,5.9,WAS@NYG,5.0,0,0,0,0,0,0,1,11,0,0,3,49,0,0,0,0,-0.9000000000000004
9,,Demarcus Robinson,LAR,@SEA,0,0,0.0,3,40,0.3,5.8,LA@SEA,21.0,0,0,0,0,0,0,0,0,0,0,6,94,2,0,0,0,15.2
9,,Rashod Bateman,BAL,DEN,0,0,0.0,4,45,0.2,5.7,DEN@BAL,2.0,0,0,0,0,0,0,0,0,0,0,3,25,0,0,0,0,-3.7
9,,Josh Palmer,LAC,@CLE,0,0,0.0,4,45,0.2,5.7,LAC@CLE,12.0,0,0,0,0,0,0,0,0,0,0,2,63,1,0,0,0,6.3
9,,DeAndre Hopkins,KC,TB,0,0,0.0,4,44,0.2,5.6,TB@KC,20.0,0,0,0,0,0,0,0,0,0,0,8,86,2,0,0,0,14.4
9,,Keenan Allen,CHI,@ARI,0,0,0.0,3,43,0.2,5.5,CHI@ARI,3.0,0,0,0,0,0,0,0,0,0,0,4,36,0,0,0,0,-2.5
10,,Justin Jefferson,MIN,@JAC,0,0,0.0,6,93,0.8,14.1,MIN@JAX,4.0,0,0,0,0,0,0,0,0,0,0,5,48,0,0,0,0,-10.1
10,,Ja'Marr Chase,CIN,@BAL,0,0,0.0,7,91,0.7,13.3,CIN@BAL,44.0,0,0,0,0,0,0,0,0,0,0,11,264,3,0,0,0,30.7
10,,Amon-Ra St. Brown,DET,@HOU,0,0,0.0,6,80,0.7,12.2,DET@HOU,12.0,0,0,0,0,0,0,0,0,0,0,6,60,1,0,0,0,-0.1999999999999993
10,,Deebo Samuel,SF,@TB,3,15,0.1,5,68,0.5,11.9,SF@TB,7.0,0,0,0,0,0,0,3,14,0,0,5,62,0,0,0,0,-4.9
10,,Malik Nabers,NYG,@CAR,0,0,0.0,6,77,0.6,11.3,NYG@CAR,5.0,0,0,0,0,0,0,1,-2,0,0,6,50,0,0,0,0,-6.300000000000001
10,,Tyreek Hill,MIA,@LAR,0,0,0.0,6,82,0.5,11.2,MIA@LA,8.0,0,0,0,0,0,0,2,11,0,0,3,16,1,0,0,0,-3.1999999999999993
10,,Zay Flowers,BAL,CIN,1,6,0.0,7,78,0.4,10.8,CIN@BAL,3.0,0,0,0,0,0,0,0,0,0,0,4,34,0,0,0,0,-7.800000000000001
10,,A.J. Brown,PHI,@DAL,0,0,0.0,6,77,0.5,10.7,PHI@DAL,10.0,0,0,0,0,0,0,0,0,0,0,5,109,0,0,0,0,-0.6999999999999993
10,,Puka Nacua,LAR,MIA,0,0,0.0,6,77,0.5,10.7,MIA@LA,9.0,0,0,0,0,0,0,0,0,0,0,9,98,0,0,0,0,-1.6999999999999993
10,,Drake London,ATL,@NO,0,0,0.0,6,75,0.5,10.5,ATL@NO,9.0,0,0,0,0,0,0,0,0,0,0,8,97,0,0,0,0,-1.5
10,,Garrett Wilson,NYJ,@ARI,0,0,0.0,6,75,0.5,10.5,NYJ@ARI,4.0,0,0,0,0,0,0,0,0,0,0,5,41,0,0,0,0,-6.5
10,,Davante Adams,NYJ,@ARI,0,0,0.0,6,73,0.5,10.3,NYJ@ARI,3.0,0,0,0,0,0,0,0,0,0,0,6,31,0,0,0,0,-7.300000000000001
10,,Cooper Kupp,LAR,MIA,0,0,0.0,6,72,0.5,10.2,MIA@LA,8.0,0,0,0,0,0,0,0,0,0,0,7,80,0,0,0,0,-2.1999999999999993
10,,CeeDee Lamb,DAL,PHI,0,0,0.0,6,72,0.4,9.6,PHI@DAL,2.0,0,0,0,0,0,0,1,3,0,0,6,21,0,0,0,0,-7.6
10,,George Pickens,PIT,@WAS,0,0,0.0,5,71,0.4,9.5,PIT@WAS,15.0,0,0,0,0,0,0,1,4,0,0,5,91,1,0,0,0,5.5
10,,Josh Downs,IND,BUF,0,0,0.0,6,68,0.4,9.2,BUF@IND,7.0,0,0,0,0,0,0,0,0,0,0,7,72,0,0,0,0,-2.1999999999999993
10,,Terry McLaurin,WAS,PIT,0,0,0.0,5,67,0.4,9.1,PIT@WAS,11.0,0,0,0,0,0,0,0,0,0,0,5,113,0,0,0,0,1.9000000000000004
10,,DeVonta Smith,PHI,@DAL,0,0,0.0,5,65,0.4,8.9,PHI@DAL,1.0,0,0,0,0,0,0,0,0,0,0,2,14,0,0,0,0,-7.9
10,,Khalil Shakir,BUF,@IND,0,0,0.0,5,67,0.3,8.5,BUF@IND,5.0,0,0,0,0,0,0,0,0,0,0,6,58,0,0,0,0,-3.5
10,,Courtland Sutton,DEN,@KC,0,0,0.0,5,67,0.3,8.5,DEN@KC,13.0,0,0,0,0,0,0,0,0,0,0,6,70,1,0,0,0,4.5
10,,D.J. Moore,CHI,NE,0,0,0.0,5,60,0.4,8.4,NE@CHI,2.0,0,0,0,0,0,0,1,3,0,0,3,24,0,0,0,0,-6.4
10,,Darnell Mooney,ATL,@NO,0,0,0.0,5,65,0.3,8.3,ATL@NO,9.0,0,0,0,0,0,0,0,0,0,0,5,96,0,0,0,0,0.6999999999999993
10,,Ladd McConkey,LAC,TEN,0,0,0.0,5,62,0.3,8.0,TEN@LAC,5.0,0,0,0,0,0,0,0,0,0,0,2,52,0,0,0,0,-3.0
10,,DeAndre Hopkins,KC,DEN,0,0,0.0,5,61,0.3,7.9,DEN@KC,5.0,0,0,0,0,0,0,0,0,0,0,4,56,0,0,0,0,-2.9000000000000004
10,,Jameson Williams,DET,@HOU,1,8,0.0,3,46,0.4,7.8,DET@HOU,5.0,0,0,0,0,0,0,0,0,0,0,3,53,0,0,0,0,-2.8
10,,Calvin Ridley,TEN,@LAC,0,0,0.0,5,64,0.2,7.6,TEN@LAC,20.0,0,0,0,0,0,0,0,0,0,0,5,84,2,0,0,0,12.4
10,,Quentin Johnston,LAC,TEN,0,0,0.0,4,56,0.3,7.4,TEN@LAC,8.0,0,0,0,0,0,0,0,0,0,0,2,24,1,0,0,0,0.5999999999999996
10,,Xavier Worthy,KC,DEN,2,10,0.1,3,40,0.3,7.4,DEN@KC,1.0,0,0,0,0,0,0,0,0,0,0,1,11,0,0,0,0,-6.4
10,,Xavier Legette,CAR,NYG,0,0,0.0,5,58,0.2,7.0,NYG@CAR,4.0,0,0,0,0,0,0,0,0,0,0,3,40,0,0,0,0,-3.0
10,,Jauan Jennings,SF,@TB,0,0,0.0,4,50,0.3,6.8,SF@TB,9.0,0,0,0,0,0,0,0,0,0,0,7,93,0,0,0,0,2.2
10,,Jordan Addison,MIN,@JAC,0,0,0.0,4,48,0.3,6.6,MIN@JAX,2.0,0,0,0,0,0,0,1,4,0,0,2,25,0,0,0,0,-4.6
10,,Wan'Dale Robinson,NYG,@CAR,0,0,0.0,5,54,0.2,6.6,NYG@CAR,5.0,0,0,0,0,0,0,0,0,0,0,5,51,0,0,0,0,-1.5999999999999996
10,,Demarcus Robinson,LAR,MIA,0,0,0.0,3,43,0.3,6.1,MIA@LA,2.0,0,0,0,0,0,0,0,0,0,0,1,23,0,0,0,0,-4.1
10,,Demario Douglas,NE,@CHI,0,0,0.0,5,48,0.2,6.0,NE@CHI,5.0,0,0,0,0,0,0,0,0,0,0,4,50,0,0,0,0,-1.0
10,,Rome Odunze,CHI,NE,0,0,0.0,3,45,0.2,5.7,NE@CHI,2.0,0,0,0,0,0,0,0,0,0,0,3,23,0,0,0,0,-3.7
10,,Jaylen Waddle,MIA,@LAR,0,0,0.0,3,43,0.2,5.5,MIA@LA,5.0,0,0,0,0,0,0,1,-1,0,0,3,57,0,0,0,0,-0.5
10,,Josh Palmer,LAC,TEN,0,0,0.0,3,42,0.2,5.4,TEN@LAC,3.0,0,0,0,0,0,0,0,0,0,0,1,36,0,0,0,0,-2.4000000000000004
10,,Sterling Shepard,TB,SF,0,0,0.0,3,41,0.2,5.3,SF@TB,0.0,0,0,0,0,0,0,1,3,0,0,1,7,0,0,0,0,-5.3
10,,Rashod Bateman,BAL,CIN,0,0,0.0,3,40,0.2,5.2,CIN@BAL,11.0,0,0,0,0,0,0,0,0,0,0,6,54,1,0,0,0,5.8
10,,Andrei Iosivas,CIN,@BAL,0,0,0.0,3,40,0.2,5.2,CIN@BAL,2.0,0,0,0,0,0,0,0,0,0,0,2,29,0,0,0,0,-3.2
10,,Alec Pierce,IND,BUF,0,0,0.0,3,40,0.2,5.2,BUF@IND,14.0,0,0,0,0,0,0,0,0,0,0,4,81,1,0,0,0,8.8
10,,Michael Wilson,ARI,NYJ,0,0,0.0,3,40,0.2,5.2,NYJ@ARI,2.0,0,0,0,0,0,0,0,0,0,0,3,24,0,0,0,0,-3.2
10,,Keenan Allen,CHI,NE,0,0,0.0,3,38,0.2,5.0,NE@CHI,4.0,0,0,0,0,0,0,0,0,0,0,5,44,0,0,0,0,-1.0
10,,Mecole Hardman,KC,DEN,3,12,0.1,2,24,0.1,4.8,DEN@KC,0.0,0,0,0,0,0,0,0,0,0,0,1,3,0,0,0,0,-4.8
11,,Justin Jefferson,MIN,@TEN,0,0,0.0,6,87,0.8,13.5,MIN@TEN,8.0,0,0,0,0,0,0,0,0,0,0,6,81,0,0,0,0,-5.5
11,,Ja'Marr Chase,CIN,@LAC,0,0,0.0,6,83,0.6,11.9,CIN@LAC,19.0,0,0,0,0,0,0,0,0,0,0,7,75,2,0,0,0,7.1
11,,Deebo Samuel,SF,SEA,3,14,0.1,5,66,0.5,11.6,SEA@SF,2.0,0,0,0,0,0,0,1,-1,0,0,4,22,0,0,0,0,-9.6
11,,Amon-Ra St. Brown,DET,JAC,0,0,0.0,6,80,0.6,11.6,JAX@DET,28.0,0,0,0,0,0,0,1,-4,0,0,11,161,2,0,0,0,16.4
11,,Puka Nacua,LAR,@NE,0,0,0.0,6,79,0.5,10.9,LA@NE,18.0,0,0,0,0,0,0,0,0,0,0,7,123,1,0,0,0,7.1
11,,Zay Flowers,BAL,@PIT,1,6,0.0,7,77,0.4,10.7,BAL@PIT,9.0,0,0,0,0,0,0,0,0,0,0,2,39,1,0,0,0,-1.6999999999999993
11,,A.J. Brown,PHI,WAS,0,0,0.0,6,82,0.4,10.6,WAS@PHI,6.0,0,0,0,0,0,0,0,0,0,0,5,65,0,0,0,0,-4.6
11,,Cooper Kupp,LAR,@NE,0,0,0.0,6,74,0.5,10.4,LA@NE,22.0,0,0,0,0,0,0,0,0,0,0,6,106,2,0,0,0,11.6
11,,Garrett Wilson,NYJ,IND,0,0,0.0,6,74,0.5,10.4,IND@NYJ,1.0,0,0,0,0,0,0,0,0,0,0,4,18,0,0,0,0,-9.4
11,,Nico Collins,HOU,@DAL,0,0,0.0,5,73,0.5,10.3,HOU@DAL,5.0,0,0,0,0,0,0,0,0,0,0,4,54,0,0,0,0,-5.300000000000001
11,,Tyreek Hill,MIA,LV,0,0,0.0,5,72,0.5,10.2,LV@MIA,12.0,0,0,0,0,0,0,0,0,0,0,7,61,1,0,0,0,1.8000000000000007
11,,Davante Adams,NYJ,IND,0,0,0.0,5,70,0.5,10.0,IND@NYJ,7.0,0,0,0,0,0,0,0,0,0,0,6,72,0,0,0,0,-3.0
11,,Drake London,ATL,@DEN,0,0,0.0,6,70,0.5,10.0,ATL@DEN,6.0,0,0,0,0,0,0,0,0,0,0,3,61,0,0,0,0,-4.0
11,,George Pickens,PIT,BAL,0,0,0.0,5,76,0.4,10.0,BAL@PIT,8.0,0,0,0,0,0,0,0,0,0,0,8,89,0,0,0,0,-2.0
11,,Terry McLaurin,WAS,@PHI,0,0,0.0,6,73,0.4,9.7,WAS@PHI,1.0,0,0,0,0,0,0,0,0,0,0,1,10,0,0,0,0,-8.7
11,,CeeDee Lamb,DAL,HOU,0,0,0.0,5,67,0.4,9.1,HOU@DAL,10.0,0,0,0,0,0,0,1,13,0,0,8,93,0,0,0,0,0.9000000000000004
11,,Tee Higgins,CIN,@LAC,0,0,0.0,5,66,0.4,9.0,CIN@LAC,20.0,0,0,0,0,0,0,0,0,0,0,9,148,1,0,0,0,11.0
11,,Courtland Sutton,DEN,ATL,0,0,0.0,5,66,0.4,9.0,ATL@DEN,7.0,0,0,0,0,0,0,0,0,0,0,7,78,0,0,0,0,-2.0
11,,Cedric Tillman,CLE,@NO,0,0,0.0,5,66,0.4,9.0,CLE@NO,4.0,0,0,0,0,0,0,0,0,0,0,3,47,0,0,0,0,-5.0
11,,Ladd McConkey,LAC,CIN,0,0,0.0,5,63,0.4,8.7,CIN@LAC,12.0,0,0,0,0,0,0,0,0,0,0,6,123,0,0,0,0,3.3000000000000007
11,,Jakobi Meyers,LV,@MIA,0,0,0.0,6,68,0.3,8.6,LV@MIA,4.0,0,0,0,0,0,0,1,20,0,0,4,28,0,0,0,0,-4.6
11,,Darnell Mooney,ATL,@DEN,0,0,0.0,5,68,0.3,8.6,ATL@DEN,2.0,0,0,0,0,0,0,0,0,0,0,2,27,0,0,0,0,-6.6
11,,Jayden Reed,GB,@CHI,0,0,0.0,5,68,0.3,8.6,GB@CHI,8.0,0,0,0,0,0,0,1,-5,0,0,2,23,1,0,0,0,-0.5999999999999996
11,,Jauan Jennings,SF,SEA,0,0,0.0,5,66,0.3,8.4,SEA@SF,15.0,0,0,0,0,0,0,0,0,0,0,10,91,1,0,0,0,6.6
11,,DeAndre Hopkins,KC,@BUF,0,0,0.0,5,65,0.3,8.3,KC@BUF,2.0,0,0,0,0,0,0,0,0,0,0,3,29,0,0,0,0,-6.300000000000001
11,,Calvin Ridley,TEN,MIN,0,0,0.0,5,64,0.3,8.2,MIN@TEN,5.0,0,0,0,0,0,0,0,0,0,0,4,58,0,0,0,0,-3.1999999999999993
11,,Jameson Williams,DET,JAC,1,8,0.0,3,50,0.4,8.2,JAX@DET,18.0,0,0,0,0,0,0,1,2,0,0,4,124,1,0,0,0,9.8
11,,Jaxon Smith-Njigba,SEA,@SF,0,0,0.0,5,63,0.3,8.1,SEA@SF,11.0,0,0,0,0,0,0,1,8,0,0,10,110,0,0,0,0,2.9000000000000004
11,,Jerry Jeudy,CLE,@NO,0,0,0.0,5,62,0.3,8.0,CLE@NO,20.0,0,0,0,0,0,0,0,0,0,0,6,142,1,0,0,0,12.0
11,,Khalil Shakir,BUF,KC,0,0,0.0,5,62,0.3,8.0,KC@BUF,7.0,0,0,0,0,0,0,0,0,0,0,8,70,0,0,0,0,-1.0
11,,DeVonta Smith,PHI,WAS,0,0,0.0,5,61,0.3,7.9,WAS@PHI,2.0,0,0,0,0,0,0,0,0,0,0,4,29,0,0,0,0,-5.9
11,,Josh Downs,IND,@NYJ,0,0,0.0,5,58,0.3,7.6,IND@NYJ,14.0,0,0,0,0,0,0,0,0,0,0,5,84,1,0,0,0,6.4
11,,Xavier Worthy,KC,@BUF,2,10,0.1,3,42,0.3,7.6,KC@BUF,12.0,0,0,0,0,0,0,1,7,0,0,4,61,1,0,0,0,4.4
11,,Quentin Johnston,LAC,CIN,0,0,0.0,4,56,0.3,7.4,CIN@LAC,10.0,0,0,0,0,0,0,0,0,0,0,2,48,1,0,0,0,2.5999999999999996
11,,Amari Cooper,BUF,KC,0,0,0.0,4,50,0.3,6.8,KC@BUF,5.0,0,0,0,0,0,0,0,0,0,0,2,55,0,0,0,0,-1.7999999999999998
11,,D.J. Moore,CHI,GB,0,0,0.0,4,50,0.3,6.8,GB@CHI,6.0,0,0,0,0,0,0,1,5,0,0,7,62,0,0,0,0,-0.7999999999999998
11,,Jordan Addison,MIN,@TEN,0,0,0.0,4,49,0.3,6.7,MIN@TEN,12.0,0,0,0,0,0,0,0,0,0,0,3,61,1,0,0,0,5.3
11,,Romeo Doubs,GB,@CHI,0,0,0.0,5,55,0.2,6.7,GB@CHI,1.0,0,0,0,0,0,0,0,0,0,0,1,17,0,0,0,0,-5.7
11,,Elijah Moore,CLE,@NO,0,0,0.0,5,55,0.2,6.7,CLE@NO,12.0,0,0,0,0,0,0,0,0,0,0,6,66,1,0,0,0,5.3
11,,Christian Watson,GB,@CHI,0,0,0.0,4,54,0.2,6.6,GB@CHI,15.0,0,0,0,0,0,0,0,0,0,0,4,150,0,0,0,0,8.4
11,,Jaylen Waddle,MIA,LV,0,0,0.0,4,50,0.2,6.2,LV@MIA,3.0,0,0,0,0,0,0,0,0,0,0,2,37,0,0,0,0,-3.2
11,,Demario Douglas,NE,LAR,0,0,0.0,5,49,0.2,6.1,LA@NE,5.0,0,0,0,0,0,0,0,0,0,0,4,59,0,0,0,0,-1.0999999999999996
11,,Demarcus Robinson,LAR,@NE,0,0,0.0,3,42,0.3,6.0,LA@NE,1.0,0,0,0,0,0,0,0,0,0,0,2,19,0,0,0,0,-5.0
11,,Rashod Bateman,BAL,@PIT,0,0,0.0,4,45,0.2,5.7,BAL@PIT,3.0,0,0,0,0,0,0,0,0,0,0,2,30,0,0,0,0,-2.7
11,,Alec Pierce,IND,@NYJ,0,0,0.0,3,45,0.2,5.7,IND@NYJ,7.0,0,0,0,0,0,0,0,0,0,0,3,74,0,0,0,0,1.2999999999999998
11,,Adonai Mitchell,IND,@NYJ,0,0,0.0,3,43,0.2,5.5,IND@NYJ,3.0,0,0,0,0,0,0,1,2,0,0,1,33,0,0,0,0,-2.5
12,,Justin Jefferson,MIN,@CHI,0,0,0.0,6,90,0.7,13.2,MIN@CHI,2.0,0,0,0,0,0,0,0,0,0,0,2,27,0,0,0,0,-11.2
12,,Amon-Ra St. Brown,DET,@IND,0,0,0.0,7,85,0.7,12.7,DET@IND,6.0,0,0,0,0,0,0,0,0,0,0,6,62,0,0,0,0,-6.699999999999999
12,,A.J. Brown,PHI,@LAR,0,0,0.0,6,85,0.6,12.1,PHI@LA,16.0,0,0,0,0,0,0,0,0,0,0,6,109,1,0,0,0,3.9000000000000004
12,,Puka Nacua,LAR,PHI,0,0,0.0,6,82,0.5,11.2,PHI@LA,11.0,0,0,0,0,0,0,0,0,0,0,9,117,0,0,0,0,-0.1999999999999993
12,,Cooper Kupp,LAR,PHI,0,0,0.0,6,80,0.5,11.0,PHI@LA,12.0,0,0,0,0,0,0,0,0,0,0,8,60,1,0,0,0,1.0
12,,Zay Flowers,BAL,@LAC,1,6,0.0,7,76,0.4,10.6,BAL@LAC,6.0,0,0,0,0,0,0,0,0,0,0,5,62,0,0,0,0,-4.6
12,,Nico Collins,HOU,TEN,0,0,0.0,5,75,0.5,10.5,TEN@HOU,15.0,0,0,0,0,0,0,0,0,0,0,5,92,1,0,0,0,4.5
12,,Mike Evans,TB,@NYG,0,0,0.0,5,73,0.5,10.3,TB@NYG,6.0,0,0,0,0,0,0,0,0,0,0,5,68,0,0,0,0,-4.300000000000001
12,,Tyreek Hill,MIA,NE,0,0,0.0,5,70,0.5,10.0,NE@MIA,4.0,0,0,0,0,0,0,0,0,0,0,5,48,0,0,0,0,-6.0
12,,Malik Nabers,NYG,TB,0,0,0.0,5,68,0.5,9.8,TB@NYG,6.0,0,0,0,0,0,0,0,0,0,0,6,64,0,0,0,0,-3.8000000000000007
12,,CeeDee Lamb,DAL,@WAS,0,0,0.0,6,73,0.4,9.7,DAL@WAS,6.0,0,0,0,0,0,0,1,1,0,0,10,67,0,0,0,0,-3.6999999999999993
12,,Ladd McConkey,LAC,BAL,0,0,0.0,6,72,0.4,9.6,BAL@LAC,8.0,0,0,0,0,0,0,0,0,0,0,6,83,0,0,0,0,-1.5999999999999996
12,,Terry McLaurin,WAS,DAL,0,0,0.0,5,70,0.4,9.4,DAL@WAS,16.0,0,0,0,0,0,0,0,0,0,0,5,102,1,0,0,0,6.6
12,,George Pickens,PIT,@CLE,0,0,0.0,5,70,0.4,9.4,PIT@CLE,4.0,0,0,0,0,0,0,0,0,0,0,4,48,0,0,0,0,-5.4
12,,Courtland Sutton,DEN,@LV,0,0,0.0,5,70,0.4,9.4,DEN@LV,21.0,0,0,0,0,0,0,0,0,0,0,8,97,2,0,0,0,11.6
12,,Deebo Samuel,SF,@GB,3,15,0.1,4,53,0.3,9.2,SF@GB,2.0,0,0,0,0,0,0,0,0,0,0,1,21,0,0,0,0,-7.199999999999999
12,,Jaxon Smith-Njigba,SEA,ARI,0,0,0.0,6,68,0.4,9.2,ARI@SEA,13.0,0,0,0,0,0,0,0,0,0,0,6,77,1,0,0,0,3.8000000000000007
12,,Cedric Tillman,CLE,PIT,0,0,0.0,5,64,0.4,8.8,PIT@CLE,1.0,0,0,0,0,0,0,0,0,0,0,2,28,0,0,1,0,-7.800000000000001
12,,Jameson Williams,DET,@IND,1,8,0.0,4,55,0.4,8.7,DET@IND,6.0,0,0,0,0,0,0,1,4,0,0,5,64,0,0,0,0,-2.6999999999999993
12,,Calvin Ridley,TEN,@HOU,0,0,0.0,5,66,0.3,8.4,TEN@HOU,9.0,0,0,0,0,0,0,0,0,0,0,5,93,0,0,0,0,0.5999999999999996
12,,DeAndre Hopkins,KC,@CAR,0,0,0.0,5,64,0.3,8.2,KC@CAR,9.0,0,0,0,0,0,0,0,0,0,0,5,35,1,0,0,0,0.8000000000000007
12,,Jayden Reed,GB,SF,0,0,0.0,5,64,0.3,8.2,SF@GB,2.0,0,0,0,0,0,0,0,0,0,0,3,26,0,0,0,0,-6.199999999999999
12,,Josh Downs,IND,DET,0,0,0.0,6,63,0.3,8.1,DET@IND,2.0,0,0,0,0,0,0,0,0,0,0,3,27,0,0,0,0,-6.1
12,,Xavier Worthy,KC,@CAR,2,10,0.1,3,46,0.3,8.0,KC@CAR,4.0,0,0,0,0,0,0,1,5,0,0,4,46,0,0,0,0,-4.0
12,,Jauan Jennings,SF,@GB,0,0,0.0,4,60,0.3,7.8,SF@GB,4.0,0,0,0,0,0,0,0,0,0,0,5,40,0,0,0,0,-3.8
12,,Jakobi Meyers,LV,DEN,0,0,0.0,5,60,0.3,7.8,DEN@LV,12.0,0,0,0,0,0,0,0,0,0,0,10,121,0,0,0,0,4.2
12,,Jerry Jeudy,CLE,PIT,0,0,0.0,5,55,0.3,7.3,PIT@CLE,8.0,0,0,0,0,0,0,0,0,0,0,6,85,0,0,0,0,0.7000000000000002
12,,Jordan Addison,MIN,@CHI,0,0,0.0,4,53,0.3,7.1,MIN@CHI,22.0,0,0,0,0,0,0,0,0,0,0,8,162,1,0,0,0,14.9
12,,D.J. Moore,CHI,MIN,0,0,0.0,4,50,0.3,6.8,MIN@CHI,19.0,1,0,0,0,0,0,1,13,0,0,7,106,1,1,0,0,12.2
12,,Wan'Dale Robinson,NYG,TB,0,0,0.0,5,55,0.2,6.7,TB@NYG,4.0,0,0,0,0,0,0,1,0,0,0,5,47,0,0,0,0,-2.7
12,,Christian Watson,GB,SF,0,0,0.0,4,55,0.2,6.7,SF@GB,0.0,0,0,0,0,0,0,1,4,0,0,0,0,0,0,0,0,-6.7
12,,Demario Douglas,NE,@MIA,0,0,0.0,5,52,0.2,6.4,NE@MIA,6.0,0,0,0,0,0,0,1,1,0,0,5,62,0,0,0,0,-0.40000000000000036
12,,Romeo Doubs,GB,SF,0,0,0.0,4,50,0.2,6.2,SF@GB,5.0,0,0,0,0,0,0,0,0,0,0,3,54,0,0,0,0,-1.2000000000000002
12,,Elijah Moore,CLE,PIT,0,0,0.0,5,50,0.2,6.2,PIT@CLE,2.0,0,0,0,0,0,0,0,0,0,0,3,21,0,0,0,0,-4.2
12,,Rome Odunze,CHI,MIN,0,0,0.0,3,48,0.2,6.0,MIN@CHI,3.0,0,0,0,0,0,0,0,0,0,0,5,39,0,0,0,0,-3.0
12,,Rashod Bateman,BAL,@LAC,0,0,0.0,4,47,0.2,5.9,BAL@LAC,10.0,0,0,0,0,0,0,0,0,0,0,2,43,1,0,0,0,4.1
12,,Devaughn Vele,DEN,@LV,0,0,0.0,3,41,0.3,5.9,DEN@LV,8.0,0,0,0,0,0,0,0,0,0,0,6,80,0,0,0,0,2.0999999999999996
12,,Demarcus Robinson,LAR,PHI,0,0,0.0,3,40,0.3,5.8,PHI@LA,7.0,0,0,0,0,0,0,0,0,0,0,2,15,1,0,0,0,1.2000000000000002
12,,Jaylen Waddle,MIA,NE,0,0,0.0,3,46,0.2,5.8,NE@MIA,20.0,0,0,0,0,0,0,0,0,0,0,8,144,1,0,0,0,14.2
12,,Noah Brown,WAS,DAL,0,0,0.0,4,45,0.2,5.7,DAL@WAS,7.0,0,0,0,0,0,0,0,0,0,0,6,71,0,0,0,0,1.2999999999999998
12,,Xavier Legette,CAR,KC,0,0,0.0,3,43,0.2,5.5,KC@CAR,5.0,0,0,0,0,0,0,0,0,0,0,4,56,0,0,0,0,-0.5
12,,Alec Pierce,IND,DET,0,0,0.0,3,43,0.2,5.5,DET@IND,3.0,0,0,0,0,0,0,0,0,0,0,1,39,0,0,0,0,-2.5
12,,Jalen McMillan,TB,@NYG,0,0,0.0,3,38,0.2,5.0,TB@NYG,1.0,0,0,0,0,0,0,0,0,0,0,1,11,0,0,0,0,-4.0
13,,Nico Collins,HOU,@JAC,0,0,0.0,6,84,0.7,12.6,HOU@JAX,11.0,0,0,0,0,0,0,0,0,0,0,8,119,0,0,0,0,-1.5999999999999996
13,,Amon-Ra St. Brown,DET,CHI,0,0,0.0,7,83,0.7,12.5,CHI@DET,7.0,0,0,0,0,0,0,0,0,0,0,5,73,0,0,0,0,-5.5
13,,Ja'Marr Chase,CIN,PIT,0,0,0.0,7,88,0.6,12.4,PIT@CIN,14.0,0,0,0,0,0,0,0,0,0,0,6,86,1,0,0,0,1.5999999999999996
13,,Justin Jefferson,MIN,ARI,0,0,0.0,6,84,0.6,12.0,ARI@MIN,9.0,0,0,0,0,0,0,0,0,0,0,7,99,0,0,0,0,-3.0
13,,A.J. Brown,PHI,@BAL,0,0,0.0,7,89,0.5,11.9,PHI@BAL,6.0,0,0,0,0,0,0,0,0,0,0,5,66,0,0,0,0,-5.9
13,,Puka Nacua,LAR,@NO,0,0,0.0,6,83,0.6,11.9,LA@NO,11.0,0,0,0,0,0,0,1,7,0,0,5,56,1,0,0,0,-0.9000000000000004
13,,Tee Higgins,CIN,PIT,0,0,0.0,6,80,0.5,11.0,PIT@CIN,12.0,0,0,0,0,0,0,0,0,0,0,5,69,1,0,0,0,1.0
13,,Mike Evans,TB,@CAR,0,0,0.0,5,78,0.5,10.8,TB@CAR,17.0,0,0,0,0,0,0,0,0,0,0,8,118,1,0,0,0,6.199999999999999
13,,Cooper Kupp,LAR,@NO,0,0,0.0,6,78,0.5,10.8,LA@NO,1.0,0,0,0,0,0,0,0,0,0,0,3,17,0,0,0,0,-9.8
13,,Zay Flowers,BAL,PHI,1,6,0.0,6,74,0.4,10.4,PHI@BAL,7.0,0,0,0,0,0,0,1,-3,0,0,3,74,0,0,0,0,-3.4000000000000004
13,,Courtland Sutton,DEN,CLE,0,0,0.0,6,73,0.5,10.3,CLE@DEN,10.0,0,0,0,0,0,0,0,0,0,0,6,102,0,0,0,0,-0.3000000000000007
13,,Tyreek Hill,MIA,@GB,0,0,0.0,5,71,0.5,10.1,MIA@GB,14.0,0,0,0,0,0,0,0,0,0,0,6,83,1,0,0,0,3.9000000000000004
13,,CeeDee Lamb,DAL,NYG,0,0,0.0,6,74,0.4,9.8,NYG@DAL,3.0,0,0,0,0,0,0,0,0,0,0,2,39,0,0,0,0,-6.800000000000001
13,,Ladd McConkey,LAC,@ATL,0,0,0.0,6,74,0.4,9.8,LAC@ATL,11.0,0,0,0,0,0,0,0,0,0,0,9,117,0,0,0,0,1.1999999999999993
13,,Terry McLaurin,WAS,TEN,0,0,0.0,6,73,0.4,9.7,TEN@WAS,19.0,0,0,0,0,0,0,0,0,0,0,8,73,2,0,0,0,9.3
13,,George Pickens,PIT,@CIN,0,0,0.0,5,72,0.4,9.6,PIT@CIN,13.0,0,0,0,0,0,0,0,0,0,0,3,74,1,0,0,0,3.4000000000000004
13,,Malik Nabers,NYG,@DAL,0,0,0.0,5,65,0.5,9.5,NYG@DAL,6.0,0,0,0,0,0,0,1,4,0,0,8,69,0,0,0,0,-3.5
13,,Drake London,ATL,LAC,0,0,0.0,6,70,0.4,9.4,LAC@ATL,8.0,0,0,0,0,0,0,1,-3,0,0,9,86,0,0,0,0,-1.4000000000000004
13,,Jaxon Smith-Njigba,SEA,@NYJ,0,0,0.0,6,70,0.4,9.4,SEA@NYJ,7.0,0,0,0,0,0,0,1,5,0,0,4,74,0,0,0,0,-2.4000000000000004
13,,Calvin Ridley,TEN,@WAS,0,0,0.0,6,74,0.3,9.2,TEN@WAS,4.0,0,0,0,0,0,0,0,0,0,0,2,45,0,0,0,0,-5.199999999999999
13,,Jakobi Meyers,LV,@KC,0,0,0.0,6,67,0.4,9.1,LV@KC,9.0,0,0,0,0,0,0,0,0,0,0,6,97,0,0,0,0,-0.09999999999999964
13,,Khalil Shakir,BUF,SF,0,0,0.0,5,65,0.4,8.9,SF@BUF,3.0,0,0,0,0,0,0,0,0,0,0,4,30,0,0,0,0,-5.9
13,,Jameson Williams,DET,CHI,1,8,0.0,4,57,0.4,8.9,CHI@DET,3.0,0,0,0,0,0,0,2,18,0,0,5,28,0,0,0,0,-5.9
13,,Jerry Jeudy,CLE,@DEN,0,0,0.0,5,63,0.4,8.7,CLE@DEN,31.0,0,0,0,0,0,0,0,0,0,0,9,235,1,1,0,0,22.3
13,,Jayden Reed,GB,MIA,0,0,0.0,5,63,0.4,8.7,MIA@GB,16.0,0,0,0,0,0,0,1,23,0,0,3,24,2,0,0,0,7.300000000000001
13,,Garrett Wilson,NYJ,SEA,0,0,0.0,5,68,0.3,8.6,SEA@NYJ,4.0,0,0,0,0,0,0,0,0,0,0,5,41,0,0,0,0,-4.6
13,,Darnell Mooney,ATL,LAC,0,0,0.0,5,65,0.3,8.3,LAC@ATL,2.0,0,0,0,0,0,0,0,0,0,0,3,20,0,0,0,0,-6.300000000000001
13,,D.J. Moore,CHI,@DET,0,0,0.0,5,65,0.3,8.3,CHI@DET,15.0,0,0,0,0,0,0,0,0,0,0,8,97,1,0,0,0,6.699999999999999
13,,Davante Adams,NYJ,SEA,0,0,0.0,5,64,0.3,8.2,SEA@NYJ,12.0,0,0,0,0,0,0,0,0,0,0,5,66,1,0,0,0,3.8000000000000007
13,,Deebo Samuel,SF,@BUF,3,13,0.1,4,50,0.2,8.1,SF@BUF,1.0,0,0,0,0,0,0,0,0,0,0,4,20,0,0,1,0,-7.1
13,,Jauan Jennings,SF,@BUF,0,0,0.0,4,60,0.3,7.8,SF@BUF,5.0,0,0,0,0,0,0,0,0,0,0,3,56,0,0,0,0,-2.8
13,,Xavier Worthy,KC,LV,2,10,0.1,3,44,0.3,7.8,LV@KC,5.0,0,0,0,0,0,0,0,0,0,0,5,54,0,0,0,0,-2.8
13,,Amari Cooper,BUF,SF,0,0,0.0,4,53,0.4,7.7,SF@BUF,1.0,0,0,0,0,0,0,0,0,0,0,3,12,0,0,0,0,-6.7
13,,Elijah Moore,CLE,@DEN,0,0,0.0,5,53,0.4,7.7,CLE@DEN,11.0,0,0,0,0,0,0,1,1,0,0,8,111,0,0,0,0,3.3
13,,Jordan Addison,MIN,ARI,0,0,0.0,4,57,0.3,7.5,ARI@MIN,5.0,0,0,0,0,0,0,0,0,0,0,4,54,0,0,0,0,-2.5
13,,Christian Watson,GB,MIA,0,0,0.0,4,54,0.3,7.2,MIA@GB,6.0,0,0,0,0,0,0,0,0,0,0,2,67,0,0,0,0,-1.2000000000000002
13,,Quentin Johnston,LAC,@ATL,0,0,0.0,4,52,0.3,7.0,LAC@ATL,1.0,0,0,0,0,0,0,0,0,0,0,2,12,0,0,0,0,-6.0
13,,Marquez Valdes-Scantling,NO,LAR,0,0,0.0,3,52,0.3,7.0,LA@NO,9.0,0,0,0,0,0,0,0,0,0,0,2,36,1,0,0,0,2.0
13,,DeAndre Hopkins,KC,LV,0,0,0.0,4,51,0.3,6.9,LV@KC,9.0,0,0,0,0,0,0,0,0,0,0,4,90,0,0,0,0,2.0999999999999996
13,,Noah Brown,WAS,TEN,0,0,0.0,5,54,0.2,6.6,TEN@WAS,2.0,0,0,0,0,0,0,0,0,0,0,3,27,0,0,0,0,-4.6
13,,Demario Douglas,NE,IND,0,0,0.0,5,53,0.2,6.5,IND@NE,2.0,0,0,0,0,0,0,0,0,0,0,4,20,0,0,0,0,-4.5
13,,Xavier Legette,CAR,TB,0,0,0.0,4,52,0.2,6.4,TB@CAR,5.0,0,0,0,0,0,0,0,0,0,0,4,53,0,0,0,0,-1.4000000000000004
13,,Wan'Dale Robinson,NYG,@DAL,0,0,0.0,5,50,0.2,6.2,NYG@DAL,0.0,0,0,0,0,0,0,0,0,0,0,2,6,0,0,0,0,-6.2
14,,Ja'Marr Chase,CIN,@DAL,0,0,0.0,7,90,0.6,12.6,CIN@DAL,30.0,0,0,0,0,0,0,1,14,0,0,14,177,2,0,0,0,17.4
14,,Amon-Ra St. Brown,DET,GB,0,0,0.0,7,80,0.7,12.2,GB@DET,5.0,0,0,0,0,0,0,1,10,0,0,5,43,0,0,0,0,-7.199999999999999
14,,Justin Jefferson,MIN,ATL,0,0,0.0,6,85,0.6,12.1,ATL@MIN,25.0,0,0,0,0,0,0,0,0,0,0,7,132,2,0,0,0,12.9
14,,Puka Nacua,LAR,BUF,0,0,0.0,6,82,0.6,11.8,BUF@LA,29.0,0,0,0,0,0,0,5,16,1,0,12,162,1,0,0,0,17.2
14,,Tee Higgins,CIN,@DAL,0,0,0.0,6,83,0.5,11.3,CIN@DAL,2.0,0,0,0,0,0,0,0,0,0,0,2,23,0,0,0,0,-9.3
14,,A.J. Brown,PHI,CAR,0,0,0.0,6,81,0.5,11.1,CAR@PHI,4.0,0,0,0,0,0,0,0,0,0,0,4,43,0,0,0,0,-7.1
14,,Mike Evans,TB,LV,0,0,0.0,6,79,0.5,10.9,LV@TB,6.0,0,0,0,0,0,0,0,0,0,0,4,69,0,0,0,0,-4.9
14,,Cooper Kupp,LAR,BUF,0,0,0.0,6,77,0.5,10.7,BUF@LA,15.0,0,0,0,0,0,0,0,0,0,0,5,92,1,0,0,0,4.300000000000001
14,,CeeDee Lamb,DAL,CIN,0,0,0.0,6,75,0.5,10.5,CIN@DAL,15.0,0,0,0,0,0,0,1,1,0,0,6,93,1,0,0,0,4.5
14,,Tyreek Hill,MIA,NYJ,0,0,0.0,5,73,0.5,10.3,NYJ@MIA,17.0,0,0,0,0,0,0,1,6,0,0,10,115,1,0,0,0,6.699999999999999
14,,Jakobi Meyers,LV,@TB,0,0,0.0,6,74,0.4,9.8,LV@TB,6.0,0,0,0,0,0,0,0,0,0,0,7,67,0,0,0,0,-3.8000000000000007
14,,Jerry Jeudy,CLE,@PIT,0,0,0.0,6,68,0.4,9.2,CLE@PIT,12.0,0,0,0,0,0,0,0,0,0,0,5,64,1,0,0,0,2.8000000000000007
14,,Drake London,ATL,@MIN,0,0,0.0,6,68,0.4,9.2,ATL@MIN,7.0,0,0,0,0,0,0,0,0,0,0,5,70,0,0,0,0,-2.1999999999999993
14,,Khalil Shakir,BUF,@LAR,0,0,0.0,5,68,0.4,9.2,BUF@LA,16.0,0,0,0,0,0,0,0,0,0,0,5,106,1,0,0,0,6.800000000000001
14,,Jaxon Smith-Njigba,SEA,@ARI,0,0,0.0,6,71,0.3,8.9,SEA@ARI,14.0,0,0,0,0,0,0,1,4,0,0,5,82,1,0,0,0,5.1
14,,Malik Nabers,NYG,NO,0,0,0.0,5,64,0.4,8.8,NO@NYG,9.0,0,0,0,0,0,0,0,0,0,0,5,79,0,1,0,0,0.1999999999999993
14,,Calvin Ridley,TEN,JAC,0,0,0.0,5,70,0.3,8.8,JAX@TEN,5.0,0,0,0,0,0,0,0,0,0,0,7,59,0,0,0,0,-3.8000000000000007
14,,Jameson Williams,DET,GB,1,8,0.0,4,55,0.4,8.7,GB@DET,8.0,0,0,0,0,0,0,0,0,0,0,5,80,0,0,0,0,-0.6999999999999993
14,,Davante Adams,NYJ,@MIA,0,0,0.0,5,65,0.3,8.3,NYJ@MIA,16.0,0,0,0,0,0,0,0,0,0,0,9,109,1,0,0,0,7.699999999999999
14,,Garrett Wilson,NYJ,@MIA,0,0,0.0,5,64,0.3,8.2,NYJ@MIA,11.0,0,0,0,0,0,0,0,0,0,0,7,114,0,0,0,0,2.8000000000000007
14,,Jauan Jennings,SF,CHI,0,0,0.0,5,63,0.3,8.1,CHI@SF,21.0,0,0,0,0,0,0,0,0,0,0,7,90,2,0,0,0,12.9
14,,Darnell Mooney,ATL,@MIN,0,0,0.0,5,63,0.3,8.1,ATL@MIN,14.0,0,0,0,0,0,0,0,0,0,0,6,142,0,0,0,0,5.9
14,,Xavier Worthy,KC,LAC,2,8,0.1,4,49,0.3,8.1,LAC@KC,4.0,0,0,0,0,0,0,1,5,0,0,5,41,0,0,0,0,-4.1
14,,D.J. Moore,CHI,@SF,0,0,0.0,5,61,0.3,7.9,CHI@SF,4.0,0,0,0,0,0,0,0,0,0,0,6,49,0,0,0,0,-3.9000000000000004
14,,Elijah Moore,CLE,@PIT,0,0,0.0,5,55,0.4,7.9,CLE@PIT,3.0,0,0,0,0,0,0,0,0,0,0,3,34,0,0,0,0,-4.9
14,,Deebo Samuel,SF,CHI,2,9,0.1,4,51,0.2,7.8,CHI@SF,3.0,0,0,0,0,0,0,5,13,0,0,2,22,0,0,0,0,-4.8
14,,DeVonta Smith,PHI,CAR,0,0,0.0,4,60,0.3,7.8,CAR@PHI,9.0,0,0,0,0,0,0,0,0,0,0,4,37,1,0,0,0,1.2000000000000002
14,,Keenan Allen,CHI,@SF,0,0,0.0,5,58,0.3,7.6,CHI@SF,3.0,0,0,0,0,0,0,0,0,0,0,3,30,0,0,0,0,-4.6
14,,Christian Watson,GB,@DET,0,0,0.0,4,58,0.3,7.6,GB@DET,10.0,0,0,0,0,0,0,0,0,0,0,4,114,0,0,1,0,2.4000000000000004
14,,Jordan Addison,MIN,ATL,0,0,0.0,4,57,0.3,7.5,ATL@MIN,31.0,0,0,0,0,0,0,0,0,0,0,8,133,3,0,0,0,23.5
14,,Amari Cooper,BUF,@LAR,0,0,0.0,4,51,0.4,7.5,BUF@LA,9.0,0,0,0,0,0,0,0,0,0,0,6,95,0,0,0,0,1.5
14,,DeAndre Hopkins,KC,LAC,0,0,0.0,5,55,0.3,7.3,LAC@KC,9.0,0,0,0,0,0,0,0,0,0,0,4,32,1,0,0,0,1.7000000000000002
14,,Jaylen Waddle,MIA,NYJ,0,0,0.0,4,55,0.3,7.3,NYJ@MIA,11.0,0,0,0,0,0,0,0,0,0,0,9,99,0,1,0,0,3.7
14,,Adam Thielen,CAR,@PHI,0,0,0.0,4,55,0.2,6.7,CAR@PHI,10.0,0,0,0,0,0,0,0,0,0,0,9,102,0,0,0,0,3.3
14,,Quentin Johnston,LAC,@KC,0,0,0.0,3,48,0.3,6.6,LAC@KC,10.0,0,0,0,0,0,0,0,0,0,0,5,48,1,0,0,0,3.4000000000000004
14,,Marquez Valdes-Scantling,NO,@NYG,0,0,0.0,3,46,0.3,6.4,NO@NYG,5.0,0,0,0,0,0,0,0,0,0,0,4,51,0,0,0,0,-1.4000000000000004
14,,Dontayvion Wicks,GB,@DET,0,0,0.0,4,50,0.2,6.2,GB@DET,4.0,0,0,0,0,0,0,0,0,0,0,4,49,0,0,0,0,-2.2
14,,Parker Washington,JAC,@TEN,0,0,0.0,5,48,0.2,6.0,JAX@TEN,1.0,0,0,0,0,0,0,0,0,0,0,2,15,0,0,0,0,-5.0
14,,Calvin Austin,PIT,CLE,1,7,0.0,3,38,0.2,5.7,CLE@PIT,0.0,0,0,0,0,0,0,0,0,0,0,1,4,0,0,0,0,-5.7
14,,Xavier Legette,CAR,@PHI,0,0,0.0,4,44,0.2,5.6,CAR@PHI,3.0,0,0,0,0,0,0,0,0,0,0,2,39,0,0,0,0,-2.5999999999999996
14,,Josh Palmer,LAC,@KC,0,0,0.0,3,42,0.2,5.4,LAC@KC,7.0,0,0,0,0,0,0,0,0,0,0,6,78,0,0,0,0,1.5999999999999996
14,,Rome Odunze,CHI,@SF,0,0,0.0,3,41,0.2,5.3,CHI@SF,16.0,0,0,0,0,0,0,0,0,0,0,4,42,2,0,0,0,10.7
15,,Ja'Marr Chase,CIN,@TEN,0,0,0.0,7,93,0.7,13.5,CIN@TEN,9.0,0,0,0,0,0,0,0,0,0,0,9,94,0,0,0,0,-4.5
15,,Nico Collins,HOU,MIA,0,0,0.0,7,95,0.5,12.5,MIA@HOU,13.0,0,0,0,0,0,0,0,0,0,0,4,17,2,0,0,0,0.5
15,,Amon-Ra St. Brown,DET,BUF,0,0,0.0,7,82,0.7,12.4,BUF@DET,24.0,0,0,0,0,0,0,0,0,0,0,14,193,1,0,1,0,11.6
15,,Justin Jefferson,MIN,CHI,0,0,0.0,6,86,0.6,12.2,CHI@MIN,13.0,0,0,0,0,0,0,0,0,0,0,7,73,1,0,0,0,0.8000000000000007
15,,Puka Nacua,LAR,@SF,0,0,0.0,6,85,0.6,12.1,LA@SF,10.0,0,0,0,0,0,0,2,11,0,0,7,97,0,0,0,0,-2.0999999999999996
15,,Tyreek Hill,MIA,@HOU,0,0,0.0,6,79,0.6,11.5,MIA@HOU,3.0,0,0,0,0,0,0,0,0,0,0,2,36,0,0,0,0,-8.5
15,,Tee Higgins,CIN,@TEN,0,0,0.0,6,77,0.6,11.3,CIN@TEN,14.0,0,0,0,0,0,0,0,0,0,0,5,88,1,0,0,0,2.6999999999999993
15,,Mike Evans,TB,@LAC,0,0,0.0,5,77,0.5,10.7,TB@LAC,27.0,0,0,0,0,0,0,0,0,0,0,9,159,2,0,0,0,16.3
15,,CeeDee Lamb,DAL,@CAR,0,0,0.0,6,77,0.5,10.7,DAL@CAR,17.0,0,0,0,0,0,0,0,0,0,0,9,116,1,0,0,0,6.300000000000001
15,,Terry McLaurin,WAS,@NO,0,0,0.0,6,76,0.5,10.6,WAS@NO,19.0,0,0,0,0,0,0,0,0,0,0,7,73,2,0,0,0,8.4
15,,Jerry Jeudy,CLE,KC,0,0,0.0,6,75,0.5,10.5,KC@CLE,10.0,0,0,0,0,0,0,0,0,0,0,11,108,0,0,0,0,-0.5
15,,Jauan Jennings,SF,LAR,0,0,0.0,5,73,0.5,10.3,LA@SF,3.0,0,0,0,0,0,0,0,0,0,0,2,31,0,0,0,0,-7.300000000000001
15,,Courtland Sutton,DEN,IND,0,0,0.0,6,77,0.4,10.1,IND@DEN,9.0,0,0,0,0,0,0,0,0,0,0,3,32,1,0,0,0,-1.0999999999999996
15,,A.J. Brown,PHI,PIT,0,0,0.0,5,70,0.5,10.0,PIT@PHI,17.0,0,0,0,0,0,0,0,0,0,0,8,110,1,0,0,0,7.0
15,,Davante Adams,NYJ,@JAC,0,0,0.0,6,75,0.4,9.9,NYJ@JAX,33.0,0,0,0,0,0,0,0,0,0,0,9,198,2,1,0,0,23.1
15,,Jakobi Meyers,LV,ATL,0,0,0.0,6,73,0.4,9.7,ATL@LV,5.0,0,0,0,0,0,0,0,0,0,0,5,59,0,0,0,0,-4.699999999999999
15,,Jaxon Smith-Njigba,SEA,GB,0,0,0.0,6,73,0.4,9.7,GB@SEA,8.0,0,0,0,0,0,0,0,0,0,0,10,83,0,0,0,0,-1.6999999999999993
15,,Garrett Wilson,NYJ,@JAC,0,0,0.0,6,72,0.4,9.6,NYJ@JAX,11.0,0,0,0,0,0,0,0,0,0,0,3,56,1,0,0,0,1.4000000000000004
15,,Drake London,ATL,@LV,0,0,0.0,6,70,0.4,9.4,ATL@LV,11.0,0,0,0,0,0,0,0,0,0,0,3,53,1,0,0,0,1.5999999999999996
15,,Zay Flowers,BAL,@NYG,0,0,0.0,6,68,0.4,9.2,BAL@NYG,5.0,0,0,0,0,0,0,0,0,0,0,6,53,0,0,0,0,-4.199999999999999
15,,Malik Nabers,NYG,BAL,0,0,0.0,5,68,0.4,9.2,BAL@NYG,14.0,0,0,0,0,0,0,0,0,0,0,10,82,1,0,0,0,4.800000000000001
15,,Khalil Shakir,BUF,@DET,0,0,0.0,5,68,0.4,9.2,BUF@DET,9.0,0,0,0,0,0,0,0,0,0,0,6,39,1,0,0,0,-0.1999999999999993
15,,Jameson Williams,DET,BUF,1,8,0.0,4,60,0.4,9.2,BUF@DET,9.0,0,0,0,0,0,0,0,0,0,0,3,37,1,0,0,0,-0.1999999999999993
15,,Adam Thielen,CAR,DAL,0,0,0.0,6,72,0.3,9.0,DAL@CAR,5.0,0,0,0,0,0,0,0,0,0,0,5,51,0,0,0,0,-4.0
15,,Ladd McConkey,LAC,TB,0,0,0.0,5,65,0.4,8.9,TB@LAC,11.0,0,0,0,0,0,0,0,0,0,0,5,58,1,0,0,0,2.0999999999999996
15,,Jordan Addison,MIN,CHI,0,0,0.0,5,64,0.4,8.8,CHI@MIN,6.0,0,0,0,0,0,0,0,0,0,0,7,63,0,0,0,0,-2.8000000000000007
15,,Christian Watson,GB,@SEA,0,0,0.0,4,63,0.4,8.7,GB@SEA,5.0,0,0,0,0,0,0,0,0,0,0,3,56,0,0,0,0,-3.6999999999999993
15,,Calvin Ridley,TEN,CIN,0,0,0.0,5,66,0.3,8.4,CIN@TEN,5.0,0,0,0,0,0,0,1,19,0,0,3,41,0,0,0,0,-3.4000000000000004
15,,Xavier Worthy,KC,@CLE,2,8,0.1,4,52,0.3,8.4,KC@CLE,13.0,0,0,0,0,0,0,3,30,1,0,6,46,0,0,0,0,4.6
15,,D.J. Moore,CHI,@MIN,0,0,0.0,5,65,0.3,8.3,CHI@MIN,6.0,0,0,0,0,0,0,3,24,0,0,8,46,0,0,0,0,-2.3000000000000007
15,,DeVonta Smith,PHI,PIT,0,0,0.0,5,63,0.3,8.1,PIT@PHI,16.0,0,0,0,0,0,0,1,1,0,0,11,109,1,0,0,0,7.9
15,,DeAndre Hopkins,KC,@CLE,0,0,0.0,5,61,0.3,7.9,KC@CLE,3.0,0,0,0,0,0,0,0,0,0,0,5,36,0,0,0,0,-4.9
15,,Elijah Moore,CLE,KC,0,0,0.0,5,54,0.4,7.8,KC@CLE,0.0,0,0,0,0,0,0,0,0,0,0,2,-1,0,0,0,0,-7.8
15,,Keenan Allen,CHI,@MIN,0,0,0.0,4,55,0.3,7.3,CHI@MIN,14.0,0,0,0,0,0,0,0,0,0,0,6,82,1,0,0,0,6.7
15,,Quentin Johnston,LAC,TB,0,0,0.0,3,50,0.3,6.8,TB@LAC,10.0,0,0,0,0,0,0,0,0,0,0,5,45,1,0,0,0,3.2
15,,Josh Downs,IND,@DEN,0,0,0.0,4,48,0.3,6.6,IND@DEN,3.0,0,0,0,0,0,0,0,0,0,0,3,32,0,0,0,0,-3.5999999999999996
15,,Deebo Samuel,SF,LAR,2,8,0.0,3,46,0.2,6.6,LA@SF,1.0,0,0,0,0,0,0,2,3,0,0,3,16,0,0,0,0,-5.6
15,,Marquez Valdes-Scantling,NO,WAS,0,0,0.0,3,48,0.3,6.6,WAS@NO,6.0,0,0,0,0,0,0,1,4,0,0,2,64,0,0,0,0,-0.5999999999999996
15,,Josh Palmer,LAC,TB,0,0,0.0,4,46,0.3,6.4,TB@LAC,1.0,0,0,0,0,0,0,0,0,0,0,2,10,0,0,0,0,-5.4
15,,Jayden Reed,GB,@SEA,0,0,0.0,4,44,0.3,6.2,GB@SEA,5.0,0,0,0,0,0,0,3,27,0,0,5,34,0,0,0,0,-1.2000000000000002
15,,Xavier Legette,CAR,DAL,0,0,0.0,4,44,0.2,5.6,DAL@CAR,0.0,0,0,0,0,0,0,1,2,0,0,2,7,0,0,0,0,-5.6
16,,Ja'Marr Chase,CIN,CLE,0,0,0.0,7,90,0.8,13.8,CLE@CIN,15.0,0,0,0,0,0,0,1,7,0,0,6,97,1,0,0,0,1.1999999999999993
16,,Amon-Ra St. Brown,DET,@CHI,0,0,0.0,8,87,0.7,12.9,DET@CHI,13.0,0,0,0,0,0,0,0,0,0,0,6,70,1,0,0,0,0.09999999999999964
16,,Puka Nacua,LAR,@NYJ,0,0,0.0,6,87,0.6,12.3,LA@NYJ,5.0,0,0,0,0,0,0,0,0,0,0,8,56,0,0,0,0,-7.300000000000001
16,,Justin Jefferson,MIN,@SEA,0,0,0.0,6,85,0.6,12.1,MIN@SEA,26.0,0,0,0,0,0,0,0,0,0,0,10,144,2,0,0,0,13.9
16,,Mike Evans,TB,@DAL,0,0,0.0,6,84,0.6,12.0,TB@DAL,6.0,0,0,0,0,0,0,0,0,0,0,5,69,0,0,0,0,-6.0
16,,Tyreek Hill,MIA,SF,0,0,0.0,6,78,0.6,11.4,SF@MIA,8.0,0,0,0,0,0,0,0,0,0,0,3,29,1,0,0,0,-3.4000000000000004
16,,Tee Higgins,CIN,CLE,0,0,0.0,6,75,0.6,11.1,CLE@CIN,11.0,0,0,0,0,0,0,0,0,0,0,8,58,1,0,0,0,-0.09999999999999964
16,,CeeDee Lamb,DAL,TB,0,0,0.0,7,80,0.5,11.0,TB@DAL,10.0,0,0,0,0,0,0,0,0,0,0,7,105,0,0,0,0,-1.0
16,,Davante Adams,NYJ,LAR,0,0,0.0,6,78,0.5,10.8,LA@NYJ,12.0,0,0,0,0,0,0,0,0,0,0,7,68,1,0,0,0,1.1999999999999993
16,,A.J. Brown,PHI,@WAS,0,0,0.0,6,75,0.5,10.5,PHI@WAS,15.0,0,0,0,0,0,0,0,0,0,0,8,97,1,0,0,0,4.5
16,,Nico Collins,HOU,@KC,0,0,0.0,5,75,0.5,10.5,HOU@KC,6.0,0,0,0,0,0,0,0,0,0,0,7,60,0,0,0,0,-4.5
16,,Jauan Jennings,SF,@MIA,0,0,0.0,5,74,0.4,9.8,SF@MIA,5.0,0,0,0,0,0,0,0,0,0,0,4,51,0,0,0,0,-4.800000000000001
16,,Jaxon Smith-Njigba,SEA,MIN,0,0,0.0,6,74,0.4,9.8,MIN@SEA,15.0,0,0,0,0,0,0,1,5,0,0,8,95,1,0,0,0,5.199999999999999
16,,Courtland Sutton,DEN,@LAC,0,0,0.0,5,71,0.4,9.5,DEN@LAC,5.0,0,0,0,0,0,0,0,0,0,0,5,50,0,0,0,0,-4.5
16,,Garrett Wilson,NYJ,LAR,0,0,0.0,6,71,0.4,9.5,LA@NYJ,5.0,0,0,0,0,0,0,0,0,0,0,6,54,0,0,0,0,-4.5
16,,Cooper Kupp,LAR,@NYJ,0,0,0.0,6,70,0.4,9.4,LA@NYJ,2.0,0,0,0,0,0,0,0,0,0,0,3,24,0,0,0,0,-7.4
16,,Terry McLaurin,WAS,PHI,0,0,0.0,5,70,0.4,9.4,PHI@WAS,12.0,0,0,0,0,0,0,0,0,0,0,5,60,1,0,0,0,2.5999999999999996
16,,Malik Nabers,NYG,@ATL,0,0,0.0,5,70,0.4,9.4,NYG@ATL,6.0,0,0,0,0,0,0,0,0,0,0,7,68,0,0,0,0,-3.4000000000000004
16,,Ladd McConkey,LAC,DEN,0,0,0.0,5,68,0.4,9.2,DEN@LAC,8.0,0,0,0,0,0,0,0,0,0,0,6,87,0,0,0,0,-1.1999999999999993
16,,Zay Flowers,BAL,PIT,0,0,0.0,6,67,0.4,9.1,PIT@BAL,10.0,0,0,0,0,0,0,1,3,0,0,5,100,0,0,0,0,0.9000000000000004
16,,Drake London,ATL,NYG,0,0,0.0,6,67,0.4,9.1,NYG@ATL,5.0,0,0,0,0,0,0,0,0,0,0,5,59,0,0,0,0,-4.1
16,,Khalil Shakir,BUF,NE,0,0,0.0,5,67,0.4,9.1,NE@BUF,2.0,0,0,0,0,0,0,0,0,0,0,2,22,0,0,0,0,-7.1
16,,Jameson Williams,DET,@CHI,1,8,0.0,4,59,0.4,9.1,DET@CHI,20.0,0,0,0,0,0,0,1,7,0,0,5,143,1,0,0,0,10.9
16,,Jordan Addison,MIN,@SEA,0,0,0.0,5,65,0.4,8.9,MIN@SEA,9.0,0,0,0,0,0,0,0,0,0,0,5,35,1,0,0,0,0.09999999999999964
16,,Amari Cooper,BUF,NE,0,0,0.0,5,63,0.4,8.7,NE@BUF,1.0,0,0,0,0,0,0,0,0,0,0,1,10,0,0,0,0,-7.699999999999999
16,,Jakobi Meyers,LV,JAC,0,0,0.0,6,68,0.3,8.6,JAX@LV,4.0,0,0,0,0,0,0,0,0,0,0,2,41,0,0,0,0,-4.6
16,,DeVonta Smith,PHI,@WAS,0,0,0.0,5,68,0.3,8.6,PHI@WAS,5.0,0,0,0,0,0,0,0,0,0,0,6,51,0,0,0,0,-3.5999999999999996
16,,Xavier Worthy,KC,HOU,2,8,0.1,4,52,0.3,8.4,HOU@KC,13.0,0,0,0,0,0,0,3,10,0,0,7,65,1,0,0,0,4.6
16,,Calvin Ridley,TEN,@IND,0,0,0.0,5,65,0.3,8.3,TEN@IND,13.0,0,0,0,0,0,0,0,0,0,0,3,78,1,0,0,0,4.699999999999999
16,,Adam Thielen,CAR,ARI,0,0,0.0,5,65,0.3,8.3,ARI@CAR,10.0,0,0,0,0,0,0,0,0,0,0,5,43,1,0,0,0,1.6999999999999993
16,,D.J. Moore,CHI,DET,0,0,0.0,5,64,0.3,8.2,DET@CHI,6.0,0,0,0,0,0,0,1,2,0,0,7,68,0,0,0,0,-2.1999999999999993
16,,Jerry Jeudy,CLE,@CIN,0,0,0.0,5,62,0.3,8.0,CLE@CIN,2.0,0,0,0,0,0,0,0,0,0,0,2,20,0,0,0,0,-6.0
16,,Christian Watson,GB,NO,0,0,0.0,4,55,0.4,7.9,NO@GB,2.0,0,0,0,0,0,0,2,23,0,0,0,0,0,0,0,0,-5.9
16,,Keenan Allen,CHI,DET,0,0,0.0,5,58,0.3,7.6,DET@CHI,20.0,0,0,0,0,0,0,0,0,0,0,9,141,1,0,0,0,12.4
16,,Darnell Mooney,ATL,NYG,0,0,0.0,4,57,0.3,7.5,NYG@ATL,8.0,0,0,0,0,0,0,0,0,0,0,5,82,0,0,0,0,0.5
16,,Quentin Johnston,LAC,DEN,0,0,0.0,4,55,0.3,7.3,DEN@LAC,1.0,0,0,0,0,0,0,0,0,0,0,3,18,0,0,0,0,-6.3
16,,Jalen McMillan,TB,@DAL,0,0,0.0,4,55,0.3,7.3,TB@DAL,11.0,0,0,0,0,0,0,0,0,0,0,5,57,1,0,0,0,3.7
16,,DeAndre Hopkins,KC,HOU,0,0,0.0,4,53,0.3,7.1,HOU@KC,3.0,0,0,0,0,0,0,0,0,0,0,4,37,0,0,0,0,-4.1
16,,Jayden Reed,GB,NO,1,6,0.0,4,45,0.3,6.9,NO@GB,7.0,0,0,0,0,0,0,1,5,0,0,3,76,0,0,0,0,0.09999999999999964
16,,Josh Downs,IND,TEN,0,0,0.0,4,46,0.3,6.4,TEN@IND,12.0,0,0,0,0,0,0,0,0,0,0,3,61,1,0,0,0,5.6
16,,Jalen Coker,CAR,ARI,0,0,0.0,4,45,0.3,6.3,ARI@CAR,0.0,0,0,0,0,0,0,0,0,0,0,2,8,0,0,0,0,-6.3
16,,Rashod Bateman,BAL,PIT,0,0,0.0,4,44,0.3,6.2,PIT@BAL,7.0,0,0,0,0,0,0,0,0,0,0,1,14,1,0,0,0,0.7999999999999998
16,,Deebo Samuel,SF,@MIA,2,9,0.0,3,41,0.2,6.2,SF@MIA,17.0,0,0,0,0,0,0,5,25,0,0,7,96,1,0,0,0,10.8
16,,Calvin Austin,PIT,@BAL,1,7,0.0,3,42,0.2,6.1,PIT@BAL,6.0,0,0,0,0,0,0,0,0,0,0,4,65,0,0,0,0,-0.09999999999999964

